Data de Referência ; Risco de Crédito ; Emissor ; Série ; Emissão ; Código ; Vencimento ; Índice / Correção ; Taxa Compra ; Taxa Venda ; Taxa Indicativa ; Desvio Padrão ; PU ; % PU Par ; Duration ; Referência NTNB ; % Reune 
09/09/2022;CYRELA BRAZIL REALTY S.A. EMPREENDIMENTOS E PARTICIPAÇÕES;RB CAPITAL COMPANHIA DE SECURITIZACAO;212ª;1ª;19G0000001;17/07/2024;100% do DI;105,5829;101,3729;103,5641;1,3;1014,2413198;99,56;257,63;;
09/09/2022;PETROBRAS DISTRIBUIDORA;CIBRASEC-COMPANHIA BRASILEIRA DE SECURITIZACAO;10ª;1ª;CRA018002XM;15/07/2024;100% do DI;104,6822;100,9298;103,0366;1,7;1013,79996933;99,42;417,73;;
09/09/2022;RAÍZEN ENERGIA S.A.;APICE SECURITIZADORA S.A.;1ª;6ª;CRA019003V2;16/07/2029;100% do DI;106,6026;103,7826;105,0657;1,83;995,89906446;97,66;1083,07;;
09/09/2022;MRV ENGENHARIA E PARTICIPAÇÕES S.A.;VERT COMPANHIA SECURITIZADORA;1ª;7ª;19E0967202;28/05/2024;100,4% do DI;106,944;103,225;104,8384;0,66;1028,12637054;99,21;384,37;;
09/09/2022;ALIANSCE SHOPPING CENTERS S.A.;RB CAPITAL COMPANHIA DE SECURITIZACAO;156ª;1ª;17J0000001;05/04/2023;101% do DI;105,395;99,135;102,7393;1,28;1052,19464896;99,88;135,56;;
09/09/2022;BR PROPERTIES S.A.;APICE SECURITIZADORA S.A.;169ª;1ª;18K0000201;20/11/2023;101% do DI;106,6975;100,6975;104,0024;0,97;1037,89268;99,76;160,86;;
09/09/2022;CAMIL ALIMENTOS S.A.;ECO SECURITIZADORA DE DIREITOS CREDITÓRIOS DO AGRONEGÓCIO S.A.;2ª;5ª;CRA01900133;16/04/2025;101% do DI;104,511;101,5088;103,4669;1,46;1043,764107;99,41;551,07;;
09/09/2022;KLABIN S.A.;APICE SECURITIZADORA S.A.;23ª;1ª;CRA0180040H;21/01/2025;102% do DI;105,6576;101,6314;103,9795;0,61;1014,47634252;99,55;522,64;;
09/09/2022;TEREOS AÇÚCAR E ENERGIA BRASIL S.A.;VERT COMPANHIA SECURITIZADORA;1ª;18ª;CRA018004MT;17/10/2022;103% do DI;110,906;105,446;107,81;2,24;525,29059192;99,94;25;;
09/09/2022;DIRECIONAL ENGENHARIA S.A.;APICE SECURITIZADORA S.A.;193ª;1ª;19G0269138;04/07/2025;104% do DI;110,8;103,4;106,6241;1,43;1020,40128637;99,58;349,96;;
09/09/2022;MARFRIG GLOBAL FOODS S.A.;RB CAPITAL COMPANHIA DE SECURITIZACAO;1ª;4ª;CRA019004SH;15/09/2023;104% do DI;105,2825;100,4075;102,8836;0,67;1063,05054707;100,07;118,17;;
09/09/2022;JBS S.A.;RB CAPITAL COMPANHIA DE SECURITIZACAO;1ª;5ª;CRA019005K9;16/10/2023;115% do DI;106,1666;98,7225;102,3818;1,68;1066,58651361;100,86;138,3;;
09/09/2022;MULTIPLAN EMPREENDIMENTOS IMOBILIÁRIOS S.A. ;CIBRASEC-COMPANHIA BRASILEIRA DE SECURITIZACAO;272ª;2ª;16L0074884;15/12/2022;95% do DI;104,3958;100,5107;102,763;1,13;1025,99092063;99,74;66;;
09/09/2022;MULTIPLAN EMPREENDIMENTOS IMOBILIÁRIOS S.A. ;CIBRASEC-COMPANHIA BRASILEIRA DE SECURITIZACAO;288ª;2ª;17F0023368;14/06/2023;95% do DI;103,982;101,3016;102,7623;1,47;1021,80352452;99,29;181,72;;
09/09/2022;IPIRANGA PRODUTOS DE PETRÓLEO S.A.;VERT COMPANHIA SECURITIZADORA;1ª;14ª;CRA017007ER;25/10/2022;95% do DI;103,99;99,8333;102,0341;0,49;1044,46945656;99,89;31;;10%
09/09/2022;REDE D'OR SÃO LUIZ S.A. ;RB CAPITAL COMPANHIA DE SECURITIZACAO;208ª;1ª;19B0268307;15/02/2023;95,75% do DI;102,8686;100,4936;101,9093;0,97;1005,30227943;99,65;110;;
09/09/2022;IGUATEMI EMPRESA DE SHOPPING CENTERS S.A. ;RB CAPITAL COMPANHIA DE SECURITIZACAO;159ª;1ª;17I0000201;18/09/2024;96% do DI;105,3;101,5;104,0738;1,24;1043,54284434;98,74;337,41;;
09/09/2022;RAÍZEN ENERGIA S.A;RB CAPITAL COMPANHIA DE SECURITIZACAO;6ª;1ª;CRA017001P5;19/04/2023;96% do DI;103,1438;100,2031;102,0147;1,23;1042,15204033;99,56;144,82;;
09/09/2022;NORSA REFRIGERANTES S.A.;RB CAPITAL COMPANHIA DE SECURITIZACAO;8ª;1ª;CRA017006HF;03/10/2022;96% do DI;104,3;99,4;102,2067;0,29;1051,98319428;99,95;16;;15%
09/09/2022;RAÍZEN ENERGIA S.A.;RB CAPITAL COMPANHIA DE SECURITIZACAO;1ª;2ª;CRA019000GS;17/03/2025;96% do DI;104,889;101,3241;103,5092;0,89;1039,49070029;98,27;532,6;;
09/09/2022;REDE D'OR SÃO LUIZ S.A.;RB CAPITAL COMPANHIA DE SECURITIZACAO;188ª;1ª;18L1085825;15/12/2023;96,5% do DI;103,6069;100,4724;102,3175;1,29;1020,6782321;99,17;294,96;;
09/09/2022;SOCIEDADE BENEFICIENTE ISRAELITA BRASILEIRA HOSPITAL ALBERT EINSTEN;APICE SECURITIZADORA S.A.;103ª;1ª;18H0014828;15/08/2025;97% do DI;106,241;101,8494;103,754;1,71;747,46206128;98,83;381,84;;
09/09/2022;FIBRIA CELULOSE S.A. ;RB CAPITAL COMPANHIA DE SECURITIZACAO;9ª;1ª;CRA017006HH;23/09/2022;97% do DI;103,9465;99,7748;102,1503;0,35;1055,63024775;99,97;10;;
09/09/2022;RAÍZEN COMBUSTÍVEIS;RB CAPITAL COMPANHIA DE SECURITIZACAO;11ª;1ª;CRA017008SR;15/12/2023;97% do DI;103,6978;100,0982;102,3323;1,14;1021,46725823;99,24;294,87;;
09/09/2022;BR MALLS PARTICIPAÇÕES S.A.;APICE SECURITIZADORA S.A.;105ª;1ª;17I0904388;03/10/2023;97,5% do DI;105,126;100,4166;103,2176;1,52;699,7433573;99,63;130,17;;
09/09/2022;IGUATEMI EMPRE DE SHOPPING CENTERS S.A.;APICE SECURITIZADORA S.A.;138ª;1ª;18F0744615;15/06/2023;97,5% do DI;105,202;100,36;103,0406;1,38;1024,13818709;99,49;182,54;;
09/09/2022;KLABIN;ECO SECURITIZADORA DE DIREITOS CREDITÓRIOS DO AGRONEGÓCIO S.A.;135ª;1ª;CRA017009KJ;20/12/2023;97,5% do DI;104,1657;100,2325;102,4872;0,82;1021,16096263;99,28;297,64;;
09/09/2022;IPIRANGA PRODUTOS DE PETRÓLEO S.A.;VERT COMPANHIA SECURITIZADORA;1ª;20ª;CRA01800590;18/12/2023;97,5% do DI;103,7467;100,1889;102,6777;0,91;1021,39425719;99,26;295,75;;
09/09/2022;DURATEX S.A.;OURINVEST SECURITIZADORA S.A.;5ª;2ª;CRA0160002L;22/12/2022;98% do DI;104,5686;100,1186;102,6474;0,77;1025,98260216;99,83;71;;5%
09/09/2022;CAMIL ALIMENTOS S.A.;ECO SECURITIZADORA DE DIREITOS CREDITÓRIOS DO AGRONEGÓCIO S.A.;1ª;5ª;CRA01900132;18/04/2023;98% do DI;103,2471;100,0977;102,1522;1,18;1045,27351162;99,7;143,67;;
09/09/2022;KLABIN S.A;VERT COMPANHIA SECURITIZADORA;1ª;26ª;CRA019001E6;16/03/2026;98% do DI;106,4666;100,925;104,4973;1,9;1038,49856673;98,04;707,06;;
09/09/2022;RAIA DROGASIL S.A.;VERT COMPANHIA SECURITIZADORA;1ª;4ª;19C0000001;13/03/2026;98,5% do DI;112,065;105,09;109,2846;5,37;1029,87170673;97,16;615,5;;
09/09/2022;SÃO MARTINHO S.A.;VERT COMPANHIA SECURITIZADORA;1ª;24ª;CRA019000RT;15/04/2026;98,5% do DI;106,1049;101,7685;103,9573;1,34;1032,96464548;98,45;660,5;;
09/09/2022;REDE D?OR SÃO LUIZ S.A.;RB CAPITAL COMPANHIA DE SECURITIZACAO;157ª;1ª;18C0682649;09/03/2023;99% do DI;105,101;101,001;103,1793;1,52;997,35657545;99,74;124;;
09/09/2022;SÃO MARTINHO S.A.;VERT COMPANHIA SECURITIZADORA;1ª;15ª;CRA018000M9;15/03/2023;99% do DI;103,476;100,2633;102,2482;1,07;1057,68338407;99,8;120,75;;
09/09/2022;VLI MULTIMODAL S.A.;RB CAPITAL COMPANHIA DE SECURITIZACAO;14ª;1ª;CRA018003UX;12/09/2023;99,5% do DI;105,0333;100,7675;103,0028;0,45;1056,06698676;99,6;230,22;;
09/09/2022;;VERT COMPANHIA SECURITIZADORA;1ª;21ª;CRA019000GP;15/02/2024;DI + 0,9%;1,118;0,9885;1,0962;0,38;336,11106429;99,85;189,66;;
09/09/2022;CERRADINHO BIOENERGIA S.A.;CERRADINHO BIOENERGIA S.A.;1ª;25ª;CRA019002MM;16/05/2024;DI + 1%;1,75;1,35;1,5275;0,16;831,41555179;99,56;212,85;;
09/09/2022;COCAL COMÉRCIO E INDÚSTRIA CANAÃ DE AÇÚCAR E ÁLCOOL LTDA;VIRGO COMPANHIA DE SECURITIZACAO;1ª;3ª;CRA019000XD;15/03/2023;DI + 1,5%;;;1,1433;0,04;534,89182621;100,17;119,86;;
09/09/2022;VALE DO TIJUCO AÇÚCAR E ÁLCOOL S.A.;ECO SECURITIZADORA DE DIREITOS CREDITÓRIOS DO AGRONEGÓCIO S.A.;176ª;1ª;CRA018004SC;19/10/2022;DI + 1,8%;2,5633;2,2133;2,292;0,19;527,84306817;99,95;27;;
09/09/2022;;VIRGO COMPANHIA DE SECURITIZACAO;1ª;51ª;CRA021001KA;21/12/2026;DI + 2,1%;;;1,4444;0,06;1049,32313595;101,47;571,78;;
09/09/2022;PATRIMAR ENGENHARIA S.A.;VIRGO COMPANHIA DE SECURITIZACAO;239ª;4ª;21C0601989;26/03/2025;DI + 2,99%;2,76;1,8833;2,2085;0,35;1044,39661881;101,1;360,89;;
09/09/2022;;ECO SECURITIZADORA DE DIREITOS CREDITÓRIOS DO AGRONEGÓCIO S.A.;1ª;7ª;CRA0190020E;15/12/2025;DI + 3%;4,0625;2,9625;3,4861;0,21;669,64422996;99,32;363,19;;
09/09/2022;;VIRGO COMPANHIA DE SECURITIZACAO;2ª;14ª;CRA020001E5;15/05/2026;DI + 5,4%;2,8214;2,5114;2,6755;0,16;1137,33168261;107,41;692,81;;
09/09/2022;ORK EMPREENDIMENTOS IMOBILIÁRIOS SPE LTDA ;RB CAPITAL COMPANHIA DE SECURITIZACAO;135ª;1ª;16G0000001;12/07/2023;DI -0,1%;;;1,2116;0,03;460,32253179;99,48;101,1;;
09/09/2022;REDE D?OR SÃO LUIZ S.A.;RB CAPITAL COMPANHIA DE SECURITIZACAO;221ª;1ª;19H0262186;15/08/2029;IPCA + 3,4465%;6,3407;6,0977;6,1148;0,29;1069,68268672;87,26;1340,84;15/08/2028;
09/09/2022;KLABIN S.A.;VERT COMPANHIA SECURITIZADORA;1ª;30ª;CRA019003JY;15/06/2029;IPCA + 3,5%;6,24;5,8424;6,0201;0,2;1089,71380302;88,19;1309,93;15/08/2028;
09/09/2022;RAÍZEN ENERGIA S.A.;APICE SECURITIZADORA S.A.;1ª;6ª;CRA019003V3;16/07/2029;IPCA + 3,602%;6,2812;5,962;6,0815;0,16;1086,96094792;88,23;1327,94;15/08/2028;
09/09/2022;M. DIAS BRANCO S.A. INDÚSTRIA E COMÉRCIO DE ALIMENTOS;VIRGO COMPANHIA DE SECURITIZACAO;1ª;25ª;CRA021000MG;15/03/2028;IPCA + 3,7992%;6,0969;5,7798;6,0515;0,17;1052,90973777;90,01;1230,4;15/08/2028;
09/09/2022;RAÍZEN ENERGIA S.A.;RB CAPITAL COMPANHIA DE SECURITIZACAO;2ª;2ª;CRA019000GT;16/03/2026;IPCA + 4,04%;6,1614;5,7928;5,9329;0,08;1195,40740488;94,27;823,67;15/08/2026;
09/09/2022;JBS S.A.;RB CAPITAL COMPANHIA DE SECURITIZACAO;1ª;12ª;CRA020003KA;16/11/2027;IPCA + 4,2957%;;5,7966;6,0282;0,18;1109,66497892;92,68;1159,12;15/08/2028;5%
09/09/2022;IPIRANGA PRODUTOS DE PETRÓLEO S.A.;VERT COMPANHIA SECURITIZADORA;2ª;14ª;CRA017007ES;25/10/2024;IPCA + 4,3358%;6,6656;6,3285;6,4302;0,32;1312,25725862;96,11;503,05;15/08/2024;
09/09/2022;SÃO SALVADOR ALIMENTOS S.A.;VIRGO COMPANHIA DE SECURITIZACAO;1ª;17ª;CRA020003K0;16/11/2026;IPCA + 4,4462%;7,1329;6,7823;6,9812;0,11;1130,6421153;93,27;728,75;15/05/2025;
09/09/2022;COLOMBO AGROINDÚSTRIA S.A.;ECO SECURITIZADORA DE DIREITOS CREDITÓRIOS DO AGRONEGÓCIO S.A.;1ª;82ª;CRA021000MB;15/03/2027;IPCA + 4,4474%;6,3628;6,0132;6,1716;0,16;1090,72807223;94,25;909,23;15/08/2026;
09/09/2022;JBS S.A.;RB CAPITAL COMPANHIA DE SECURITIZACAO;5ª;2ª;CRA019005KC;15/10/2024;IPCA + 4,5%;6,8544;6,4458;6,7513;0,22;1192,756403;95,86;499,52;15/08/2024;
09/09/2022;MINERVA S.A.;VIRGO COMPANHIA DE SECURITIZACAO;1ª;8ª;CRA01900614;16/12/2024;IPCA + 4,5%;7,413;6,9696;7,199;0,07;1183,73657571;94,71;536,62;15/08/2024;
09/09/2022;MARFRIG GLOBALFOODS S.A.;RB CAPITAL COMPANHIA DE SECURITIZACAO;1ª;16ª;CRA021001PQ;15/07/2028;IPCA + 4,5%;6,4443;5,9588;6,1329;0,24;1022,41519456;92,33;1292,73;15/08/2028;
09/09/2022;KLABIN S.A.;VERT COMPANHIA SECURITIZADORA;2ª;26ª;CRA019001E7;15/03/2029;IPCA + 4,5081%;6,1671;5,7767;5,9997;0,1;1175,30027637;93,35;1218,97;15/08/2028;
09/09/2022;;RB CAPITAL COMPANHIA DE SECURITIZACAO;2ª;16ª;CRA021001VA;15/07/2031;IPCA + 4,6%;6,7379;6,0945;6,3835;0,34;991,28085073;89,5;1640,93;15/08/2030;
09/09/2022;REDE D'OR SÃO LUIZ S.A.;RB CAPITAL COMPANHIA DE SECURITIZACAO;189ª;1ª;18L1085826;15/12/2025;IPCA + 4,6572%;6,5175;6,0495;6,2635;0,22;1239,52079012;95,54;754,57;15/05/2025;
09/09/2022;JBS S.A.;RB CAPITAL COMPANHIA DE SECURITIZACAO;2ª;12ª;CRA020003KB;18/11/2030;IPCA + 4,7218%;6,1364;5,8567;5,9893;0,1;1114,89182177;92,99;1514,21;15/08/2030;5%
09/09/2022;RAÍZEN ENERGIA S.A;RB CAPITAL COMPANHIA DE SECURITIZACAO;7ª;1ª;CRA017001P6;17/04/2024;IPCA + 4,7258%;6,6482;6,184;6,4021;0,23;1317,05134349;97,58;388,68;15/08/2024;
09/09/2022;RAÍZEN ENERGIA S.A.;RB CAPITAL COMPANHIA DE SECURITIZACAO;12ª;1ª;CRA017008SS;16/12/2024;IPCA + 4,7588%;6,7307;6,3575;6,4629;0,22;1305,46830469;96,63;535,32;15/08/2024;
09/09/2022;BRF S.A.;VERT COMPANHIA SECURITIZADORA;ª;60ª;CRA0210013B;15/05/2031;IPCA + 4,7843%;6,5549;6,0709;6,2773;0,21;1027,19260794;90,53;1759,79;15/08/2030;
09/09/2022;;VERT COMPANHIA SECURITIZADORA;ª;63ª;CRA021002SO;15/09/2028;IPCA + 4,8287%;6,2519;5,8249;5,9679;0,16;1052,64909808;94,58;1294,03;15/08/2028;
09/09/2022;DIRECIONAL ENGENHARIA S.A.;APICE SECURITIZADORA S.A.;371ª;1ª;21D0737500;17/04/2028;IPCA + 4,8444%;6,7067;6,5459;6,6396;0,12;1053,69176683;93,3;1026,07;15/05/2027;
09/09/2022;JBS S.A.;VIRGO COMPANHIA DE SECURITIZACAO;1ª;28ª;CRA021000GT;17/04/2028;IPCA + 4,9072%;5,9838;5,6516;5,898;0,38;1105,70778702;95,54;1220,32;15/08/2028;
09/09/2022;GJA INDÚSTRIAS S.A;VIRGO COMPANHIA DE SECURITIZACAO;1ª;34ª;CRA0210012Z;15/05/2028;IPCA + 4,9221%;6,4458;6,1723;6,2628;0,2;1065,77549961;94,4;1139,97;15/05/2027;
09/09/2022;TEREOS AÇÚCAR E ENERGIA BRASIL S.A.;VERT COMPANHIA SECURITIZADORA;1ª;52ª;CRA021000MF;16/03/2026;IPCA + 4,9265%;7,0452;6,6364;6,7529;0,24;;96,09;579,97;15/05/2025;
09/09/2022;REDE D'OR SÃO LUIZ S.A.;RB CAPITAL COMPANHIA DE SECURITIZACAO;324ª;1ª;21D0862572;15/05/2036;IPCA + 4,9347%;6,5;5,9634;6,2877;0,15;1013,30167335;88,77;2312,85;15/05/2035;
09/09/2022;NEOMILLE S.A.;VIRGO COMPANHIA DE SECURITIZACAO;1ª;32ª;CRA021000M9;16/03/2026;IPCA + 5,0097%;;6,1932;6,641;0,23;1119,82245012;95,22;799,16;15/08/2026;
09/09/2022;SÃO MARTINHO S.A.;VERT COMPANHIA SECURITIZADORA;2ª;5ª;CRA017001JM;19/04/2023;IPCA + 5,0894%;8,1141;7,7161;8,0361;1,14;1331,57854791;98,35;152;15/05/2023;
09/09/2022;JBS S.A.;VIRGO COMPANHIA DE SECURITIZACAO;2ª;28ª;CRA021000GU;15/04/2031;IPCA + 5,1323%;6,1303;6,0578;6,0587;0,47;1096,87406898;94,7;1559,22;15/08/2030;
09/09/2022;SENDAS DISTRIBUIDORA S.A.;APICE SECURITIZADORA S.A.;428ª;1ª;21H1078699;16/10/2028;IPCA + 5,1531%;6,4849;5,9752;6,1646;0,23;1039,71396297;95,16;1303,04;15/08/2028;
09/09/2022;;VIRGO COMPANHIA DE SECURITIZACAO;2ª;34ª;CRA02100130;15/05/2031;IPCA + 5,2476%;6,8923;6,529;6,7821;0,25;1032,38004055;91,35;1563,87;15/08/2030;
09/09/2022;SENDAS DISTRIBUIDORA S.A.;APICE SECURITIZADORA S.A.;429ª;1ª;21H1078700;15/10/2031;IPCA + 5,2662%;6,584;6,1344;6,2856;0,19;1026,60920568;93,92;1632,68;15/08/2030;
09/09/2022;COPERSUCAR S.A.;VIRGO COMPANHIA DE SECURITIZACAO;1ª;37ª;CRA021000SC;15/05/2028;IPCA + 5,2893%;6,6538;6,2067;6,4334;0,03;;95,66;1031,82;15/05/2027;
09/09/2022;MINERVA S.A.;VIRGO COMPANHIA DE SECURITIZACAO;1ª;15ª;CRA020001UR;16/06/2025;IPCA + 5,3%;7,3504;6,8729;7,0855;0,1;1175,43950109;96,5;532,87;15/08/2024;
09/09/2022;BRF S.A.;VERT COMPANHIA SECURITIZADORA;1ª;46ª;CRA020002GZ;15/07/2027;IPCA + 5,3%;6,518;6,0842;6,1419;0,35;1169,08950205;96,64;1079,79;15/05/2027;
09/09/2022;;VIRGO COMPANHIA DE SECURITIZACAO;1ª;43ª;CRA021002NF;15/09/2031;IPCA + 5,3995%;6,3249;;6,1881;0,17;1098,8537858;95,39;1589,27;15/08/2030;5%
09/09/2022;RAÍZEN ENERGIA S.A.;APICE SECURITIZADORA S.A.;1ª;10ª;CRA020001P7;15/06/2027;IPCA + 5,4%;6,1863;5,8039;5,9922;0,1;1190,43408084;97,68;1056,57;15/05/2027;
09/09/2022;MINERVA S.A;VIRGO COMPANHIA DE SECURITIZACAO;1ª;39ª;CRA021000RX;17/04/2028;IPCA + 5,5034%;6,478;6,2266;6,3212;0,23;1109,18239553;96,38;1201,59;15/08/2028;
09/09/2022;LOG COMMERCIAL PROPERTIES E PARTICIPAÇÕES;VIRGO COMPANHIA DE SECURITIZACAO;362ª;4ª;21I0278118;15/09/2028;IPCA + 5,5212%;6,5685;;6,4475;0,24;1089,06934307;96,64;982,75;15/05/2027;
09/09/2022;;RB CAPITAL COMPANHIA DE SECURITIZACAO;396ª;1ª;21K0001806;15/12/2031;IPCA + 5,5758%;6,3341;6,0188;6,1946;0,12;1029,18686213;96,21;1662,32;15/08/2030;
09/09/2022;MINERVA S.A.;VIRGO COMPANHIA DE SECURITIZACAO;39ª;2ª;CRA021000RY;15/04/2031;IPCA + 5,578%;6,4185;6,0694;6,3788;0,21;1099,18576715;95,48;1536,04;15/08/2030;
09/09/2022;;CIBRASEC-COMPANHIA BRASILEIRA DE SECURITIZACAO;11ª;1ª;CRA018002XN;15/07/2025;IPCA + 5,5914%;6,6941;6,2616;6,4459;0,2;1250,62127774;97,87;673,6;15/05/2025;
09/09/2022;BRF S.A.;VERT COMPANHIA SECURITIZADORA;2ª;46ª;CRA020002H1;15/07/2030;IPCA + 5,6%;6,6582;6,0914;6,3962;0,14;1159,56349573;95,81;1431,47;15/08/2028;
09/09/2022;VAMOS LOCAÇÃO DE CAMINHÕES, MÁQUINAS E EQUIPAMENTOS S.A.;ECO SECURITIZADORA DE DIREITOS CREDITÓRIOS DO AGRONEGÓCIO S.A.;1ª;54ª;CRA020001US;15/06/2027;IPCA + 5,7%;6,4733;6,2276;6,3728;0,1;1193,66175562;97,89;847,5;15/08/2026;
09/09/2022;VAMOS LOCAÇÃO DE CAMINHÕES, MÁQUINAS E EQUIPAMENTOS S.A.;ECO SECURITIZADORA DE DIREITOS CREDITÓRIOS DO AGRONEGÓCIO S.A.;1ª;81ª;CRA020003PY;18/11/2030;IPCA + 5,7315%;6,5554;6,3637;6,477;0,18;1145,04421614;95,97;1469,34;15/08/2030;
09/09/2022;MINERVA S.A.;VIRGO COMPANHIA DE SECURITIZACAO;1ª;14ª;CRA020001E4;15/05/2025;IPCA + 5,75%;7,2454;6,8164;6,9974;0,14;1194,70000422;97,66;508,79;15/08/2024;
09/09/2022;Ultra Som Serviços Médicos S.A.;VIRGO COMPANHIA DE SECURITIZACAO;378ª;4ª;21K0001812;15/12/2031;IPCA + 5,7505%;6,5214;6,1207;6,3148;0,12;1026,62824486;96,4;1731,77;15/08/2030;
09/09/2022;RAÍZEN ENERGIA S.A.;APICE SECURITIZADORA S.A.;2ª;10ª;CRA020001P8;17/06/2030;IPCA + 5,8%;6,4047;5,9502;6,1908;0,14;1194,97616519;97,96;1406,51;15/08/2028;
09/09/2022;;VERT COMPANHIA SECURITIZADORA;2ª;18ª;CRA018004SD;15/10/2024;IPCA + 5,8069%;7,506;6,9403;7,226;0,38;1294,5917881;98,05;372,71;15/08/2024;
09/09/2022;BRF S.A.;VERT COMPANHIA SECURITIZADORA;2ª;1ª;CRA01600021;18/12/2023;IPCA + 5,897%;;6,1475;6,547;0,26;1353,88799988;99,23;318;15/08/2024;
09/09/2022;FIBRIA CELULOSE S.A.;ECO SECURITIZADORA DE DIREITOS CREDITÓRIOS DO AGRONEGÓCIO S.A.;81ª;1ª;CRA0160000X;23/06/2023;IPCA + 5,9844%;7,8014;7,228;7,2296;0,3;1328,03553761;99,1;196;15/05/2023;5%
09/09/2022;FIBRIA CELULOSE S.A.;ECO SECURITIZADORA DE DIREITOS CREDITÓRIOS DO AGRONEGÓCIO S.A.;89ª;1ª;CRA0160001G;15/08/2023;IPCA + 5,9844%;7,2661;6,9273;6,9921;0,54;1355,50755048;99,13;233;15/05/2023;
09/09/2022;Rede D'Or São Luiz S.A.;RB CAPITAL COMPANHIA DE SECURITIZACAO;184ª;1ª;18G0687521;15/07/2025;IPCA + 6,0563%;6,5149;6,1782;6,2353;0,05;1273,28510422;99,56;660,71;15/05/2025;
09/09/2022;;RB CAPITAL COMPANHIA DE SECURITIZACAO;397ª;1ª;21K0001807;15/12/2036;IPCA + 6,1017%;6,6035;6,227;6,4325;0,06;1041,00535405;97,2;2293,32;15/05/2035;
09/09/2022;FIBRIA CELULOSE S.A.;ECO SECURITIZADORA DE DIREITOS CREDITÓRIOS DO AGRONEGÓCIO S.A.;94ª;1ª;CRA01600029;15/12/2023;IPCA + 6,1346%;7,4173;;7,1203;0,56;1390,1363998;98,9;302,37;15/05/2023;
09/09/2022;JBS S.A;VIRGO COMPANHIA DE SECURITIZACAO;2ª;59ª;CRA0210039L;15/12/2036;IPCA + 6,1977%;6,4845;6,1552;6,3803;0,31;;98,45;2288,98;15/05/2035;
09/09/2022;Tenda Atacado S.A;VIRGO COMPANHIA DE SECURITIZACAO;306ª;4ª;21J0001208;15/10/2026;IPCA + 6,4803%;6,8737;;6,612;0,18;;99,66;696,73;15/05/2025;
09/09/2022;Tenda Atacado S.A.;VIRGO COMPANHIA DE SECURITIZACAO;307ª;4ª;21J0001207;15/10/2028;IPCA + 6,9809%;6,5191;6,289;6,4025;0,07;;101,91;882,16;15/08/2026;
09/09/2022;;APICE SECURITIZADORA S.A.;1ª;16ª;CRA021002N3;15/10/2026;IPCA + 6,9849%;6,9801;6,7137;6,7318;0,28;1098,07956179;100,84;892;15/08/2026;
08/09/2022;CYRELA BRAZIL REALTY S.A. EMPREENDIMENTOS E PARTICIPAÇÕES;RB CAPITAL COMPANHIA DE SECURITIZACAO;212ª;1ª;19G0000001;17/07/2024;100% do DI;105,7583;101,3983;103,5376;1,32;1013,70921385;99,56;258,55;;
08/09/2022;PETROBRAS DISTRIBUIDORA;CIBRASEC-COMPANHIA BRASILEIRA DE SECURITIZACAO;10ª;1ª;CRA018002XM;15/07/2024;100% do DI;104,1531;100,9609;103,0288;1,39;1013,23566611;99,42;418,52;;
08/09/2022;RAÍZEN ENERGIA S.A.;APICE SECURITIZADORA S.A.;1ª;6ª;CRA019003V2;16/07/2029;100% do DI;107,5666;102,9666;105,0434;1,82;995,2869941;97,65;1081,18;;
08/09/2022;MRV ENGENHARIA E PARTICIPAÇÕES S.A.;VERT COMPANHIA SECURITIZADORA;1ª;7ª;19E0967202;28/05/2024;100,4% do DI;107,216;102,7;104,7998;0,88;1027,58315367;99,21;385,22;;
08/09/2022;ALIANSCE SHOPPING CENTERS S.A.;RB CAPITAL COMPANHIA DE SECURITIZACAO;156ª;1ª;17J0000001;05/04/2023;101% do DI;105,5825;99,3225;102,7132;0,61;1051,66243846;99,88;136,56;;
08/09/2022;BR PROPERTIES S.A.;APICE SECURITIZADORA S.A.;169ª;1ª;18K0000201;20/11/2023;101% do DI;106,7925;100,7925;103,9941;0,82;1037,33606584;99,76;161,84;;
08/09/2022;CAMIL ALIMENTOS S.A.;ECO SECURITIZADORA DE DIREITOS CREDITÓRIOS DO AGRONEGÓCIO S.A.;2ª;5ª;CRA01900133;16/04/2025;101% do DI;105,6306;101,4306;103,414;1,05;1043,29705152;99,42;551,54;;
08/09/2022;KLABIN S.A.;APICE SECURITIZADORA S.A.;23ª;1ª;CRA0180040H;21/01/2025;102% do DI;107,2068;101,6913;103,9784;0,61;1013,90403751;99,54;523,2;;
08/09/2022;TEREOS AÇÚCAR E ENERGIA BRASIL S.A.;VERT COMPANHIA SECURITIZADORA;1ª;18ª;CRA018004MT;17/10/2022;103% do DI;111,026;105,566;107,7927;2,22;525,00428731;99,94;26;;
08/09/2022;DIRECIONAL ENGENHARIA S.A.;APICE SECURITIZADORA S.A.;193ª;1ª;19G0269138;04/07/2025;104% do DI;107,2;103,475;106,6275;0,85;1019,80822131;99,58;350,74;;
08/09/2022;MARFRIG GLOBAL FOODS S.A.;RB CAPITAL COMPANHIA DE SECURITIZACAO;1ª;4ª;CRA019004SH;15/09/2023;104% do DI;106,125;101,25;102,8723;0,66;1062,51187148;100,07;119,16;;
08/09/2022;JBS S.A.;RB CAPITAL COMPANHIA DE SECURITIZACAO;1ª;5ª;CRA019005K9;16/10/2023;115% do DI;104,39;99,0425;102,3565;0,58;1066,11269798;100,88;139,3;;
08/09/2022;MULTIPLAN EMPREENDIMENTOS IMOBILIÁRIOS S.A. ;CIBRASEC-COMPANHIA BRASILEIRA DE SECURITIZACAO;272ª;2ª;16L0074884;15/12/2022;95% do DI;104,74;100,8057;102,835;0,57;1025,42774397;99,73;67;;
08/09/2022;MULTIPLAN EMPREENDIMENTOS IMOBILIÁRIOS S.A. ;CIBRASEC-COMPANHIA BRASILEIRA DE SECURITIZACAO;288ª;2ª;17F0023368;14/06/2023;95% do DI;104,2259;101,3716;102,78;1,35;1021,22339237;99,28;182,72;;
08/09/2022;IPIRANGA PRODUTOS DE PETRÓLEO S.A.;VERT COMPANHIA SECURITIZADORA;1ª;14ª;CRA017007ER;25/10/2022;95% do DI;106,0633;99,7;101,3902;0,53;1044,0379722;99,9;32;;35%
08/09/2022;REDE D'OR SÃO LUIZ S.A. ;RB CAPITAL COMPANHIA DE SECURITIZACAO;208ª;1ª;19B0268307;15/02/2023;95,75% do DI;103,0707;100,6957;101,9045;1,42;1004,78474858;99,65;111;;
08/09/2022;IGUATEMI EMPRESA DE SHOPPING CENTERS S.A. ;RB CAPITAL COMPANHIA DE SECURITIZACAO;159ª;1ª;17I0000201;18/09/2024;96% do DI;105,995;102,095;104,4884;1,14;1042,15809253;98,65;338,19;;
08/09/2022;RAÍZEN ENERGIA S.A;RB CAPITAL COMPANHIA DE SECURITIZACAO;6ª;1ª;CRA017001P5;19/04/2023;96% do DI;104,2063;100,4563;102,0091;1,01;1041,60402093;99,55;145,82;;
08/09/2022;NORSA REFRIGERANTES S.A.;RB CAPITAL COMPANHIA DE SECURITIZACAO;8ª;1ª;CRA017006HF;03/10/2022;96% do DI;104,916;99,4;102,1629;0,22;1051,4413215;99,95;17;;45%
08/09/2022;RAÍZEN ENERGIA S.A.;RB CAPITAL COMPANHIA DE SECURITIZACAO;1ª;2ª;CRA019000GS;17/03/2025;96% do DI;106,6418;101,3988;103,505;0,88;1038,79762231;98,25;533,02;;
08/09/2022;REDE D'OR SÃO LUIZ S.A.;RB CAPITAL COMPANHIA DE SECURITIZACAO;188ª;1ª;18L1085825;15/12/2023;96,5% do DI;104,3741;100,4824;102,2647;0,92;1020,16846484;99,17;295,91;;
08/09/2022;SOCIEDADE BENEFICIENTE ISRAELITA BRASILEIRA HOSPITAL ALBERT EINSTEN;APICE SECURITIZADORA S.A.;103ª;1ª;18H0014828;15/08/2025;97% do DI;106,2535;101,6818;103,7964;1,52;746,93411677;98,81;382,51;;
08/09/2022;FIBRIA CELULOSE S.A. ;RB CAPITAL COMPANHIA DE SECURITIZACAO;9ª;1ª;CRA017006HH;23/09/2022;97% do DI;104,0295;99,7745;102,149;0,35;1055,08290872;99,97;11;;
08/09/2022;RAÍZEN COMBUSTÍVEIS;RB CAPITAL COMPANHIA DE SECURITIZACAO;11ª;1ª;CRA017008SR;15/12/2023;97% do DI;104,7459;100,2625;102,3394;0,87;1020,87277358;99,23;295,83;;
08/09/2022;BR MALLS PARTICIPAÇÕES S.A.;APICE SECURITIZADORA S.A.;105ª;1ª;17I0904388;03/10/2023;97,5% do DI;104,625;100,4166;103,2361;1,23;699,35191443;99,62;131,16;;
08/09/2022;IGUATEMI EMPRE DE SHOPPING CENTERS S.A.;APICE SECURITIZADORA S.A.;138ª;1ª;18F0744615;15/06/2023;97,5% do DI;105,41;100,38;103,0344;1,17;1023,58610634;99,48;183,54;;
08/09/2022;KLABIN;ECO SECURITIZADORA DE DIREITOS CREDITÓRIOS DO AGRONEGÓCIO S.A.;135ª;1ª;CRA017009KJ;20/12/2023;97,5% do DI;106,1916;101,325;102,4728;0,85;1020,5960312;99,28;298,59;;
08/09/2022;IPIRANGA PRODUTOS DE PETRÓLEO S.A.;VERT COMPANHIA SECURITIZADORA;1ª;20ª;CRA01800590;18/12/2023;97,5% do DI;104,5449;100,2183;102,7939;1,12;1020,63316338;99,24;296,71;;
08/09/2022;DURATEX S.A.;OURINVEST SECURITIZADORA S.A.;5ª;2ª;CRA0160002L;22/12/2022;98% do DI;105,5889;100,0704;102,6218;1,68;1025,45634425;99,83;72;;10%
08/09/2022;CAMIL ALIMENTOS S.A.;ECO SECURITIZADORA DE DIREITOS CREDITÓRIOS DO AGRONEGÓCIO S.A.;1ª;5ª;CRA01900132;18/04/2023;98% do DI;104,3265;100,2265;102,1586;1,12;1044,71783969;99,69;144,67;;
08/09/2022;KLABIN S.A;VERT COMPANHIA SECURITIZADORA;1ª;26ª;CRA019001E6;16/03/2026;98% do DI;106,5;100,9075;104,4934;1,28;1037,77400968;98,02;706,93;;
08/09/2022;RAIA DROGASIL S.A.;VERT COMPANHIA SECURITIZADORA;1ª;4ª;19C0000001;13/03/2026;98,5% do DI;;105,48;109,2846;4,83;1029,03745995;97,13;615,61;;
08/09/2022;SÃO MARTINHO S.A.;VERT COMPANHIA SECURITIZADORA;1ª;24ª;CRA019000RT;15/04/2026;98,5% do DI;105,5601;101,9729;104,0197;1,15;1032,08165364;98,41;660,85;;
08/09/2022;REDE D?OR SÃO LUIZ S.A.;RB CAPITAL COMPANHIA DE SECURITIZACAO;157ª;1ª;18C0682649;09/03/2023;99% do DI;105,5979;101,4979;103,4053;1,33;1058,25626018;99,73;117,79;;
08/09/2022;SÃO MARTINHO S.A.;VERT COMPANHIA SECURITIZADORA;1ª;15ª;CRA018000M9;15/03/2023;99% do DI;104,3109;100,3442;102,2701;0,96;1057,11555192;99,8;121,75;;
08/09/2022;VLI MULTIMODAL S.A.;RB CAPITAL COMPANHIA DE SECURITIZACAO;14ª;1ª;CRA018003UX;12/09/2023;99,5% do DI;105,2666;100,7325;103,0056;0,52;1055,44663565;99,59;231,21;;
08/09/2022;;VERT COMPANHIA SECURITIZADORA;1ª;21ª;CRA019000GP;15/02/2024;DI + 0,9%;1,1248;0,8248;1,0542;0,14;336,03165201;99,88;190,63;;
08/09/2022;CERRADINHO BIOENERGIA S.A.;CERRADINHO BIOENERGIA S.A.;1ª;25ª;CRA019002MM;16/05/2024;DI + 1%;1,73;1,33;1,5225;0,13;830,97896573;99,56;213,81;;
08/09/2022;COCAL COMÉRCIO E INDÚSTRIA CANAÃ DE AÇÚCAR E ÁLCOOL LTDA;VIRGO COMPANHIA DE SECURITIZACAO;1ª;3ª;CRA019000XD;15/03/2023;DI + 1,5%;;;1,1433;0,04;534,59618857;100,17;120,86;;
08/09/2022;VALE DO TIJUCO AÇÚCAR E ÁLCOOL S.A.;ECO SECURITIZADORA DE DIREITOS CREDITÓRIOS DO AGRONEGÓCIO S.A.;176ª;1ª;CRA018004SC;19/10/2022;DI + 1,8%;2,5566;2,2066;2,2907;0,14;527,52842496;99,95;28;;
08/09/2022;;VIRGO COMPANHIA DE SECURITIZACAO;1ª;51ª;CRA021001KA;21/12/2026;DI + 2,1%;;;1,4444;0,06;1048,71164632;101,47;572,1;;
08/09/2022;PATRIMAR ENGENHARIA S.A.;VIRGO COMPANHIA DE SECURITIZACAO;239ª;4ª;21C0601989;26/03/2025;DI + 2,99%;;;;;;;;;
08/09/2022;;ECO SECURITIZADORA DE DIREITOS CREDITÓRIOS DO AGRONEGÓCIO S.A.;1ª;7ª;CRA0190020E;15/12/2025;DI + 3%;4,0625;3,0166;3,4861;0,21;669,21721699;99,32;363,88;;
08/09/2022;;VIRGO COMPANHIA DE SECURITIZACAO;2ª;14ª;CRA020001E5;15/05/2026;DI + 5,4%;2,803;2,5155;2,6774;0,18;1136,4601297;107,4;692,82;;
08/09/2022;ORK EMPREENDIMENTOS IMOBILIÁRIOS SPE LTDA ;RB CAPITAL COMPANHIA DE SECURITIZACAO;135ª;1ª;16G0000001;12/07/2023;DI -0,1%;;;1,2333;0,1;460,0268447;99,46;102,1;;
08/09/2022;REDE D?OR SÃO LUIZ S.A.;RB CAPITAL COMPANHIA DE SECURITIZACAO;221ª;1ª;19H0262186;15/08/2029;IPCA + 3,4465%;6,3873;;6,111;0,09;1070,05856265;87,27;1341,86;15/08/2028;
08/09/2022;KLABIN S.A.;VERT COMPANHIA SECURITIZADORA;1ª;30ª;CRA019003JY;15/06/2029;IPCA + 3,5%;6,2687;5,7978;6,0347;0,13;1089,11232215;88,12;1310,85;15/08/2028;
08/09/2022;RAÍZEN ENERGIA S.A.;APICE SECURITIZADORA S.A.;1ª;6ª;CRA019003V3;16/07/2029;IPCA + 3,602%;6,3201;5,9332;6,0803;0,16;1087,20178359;88,23;1328,94;15/08/2028;
08/09/2022;M. DIAS BRANCO S.A. INDÚSTRIA E COMÉRCIO DE ALIMENTOS;VIRGO COMPANHIA DE SECURITIZACAO;1ª;25ª;CRA021000MG;15/03/2028;IPCA + 3,7992%;6,0582;5,7756;6,0546;0,18;1052,84040917;89,99;1231,38;15/08/2028;
08/09/2022;RAÍZEN ENERGIA S.A.;RB CAPITAL COMPANHIA DE SECURITIZACAO;2ª;2ª;CRA019000GT;16/03/2026;IPCA + 4,04%;6,3586;5,8846;5,9478;0,3;1195,05743645;94,22;824,65;15/08/2026;
08/09/2022;JBS S.A.;RB CAPITAL COMPANHIA DE SECURITIZACAO;1ª;12ª;CRA020003KA;16/11/2027;IPCA + 4,2957%;;5,7806;6,0226;0,21;1110,02126581;92,7;1160,14;15/08/2028;15%
08/09/2022;IPIRANGA PRODUTOS DE PETRÓLEO S.A.;VERT COMPANHIA SECURITIZADORA;2ª;14ª;CRA017007ES;25/10/2024;IPCA + 4,3358%;6,8097;6,5047;6,5225;0,49;1310,05377487;95,93;504;15/08/2024;
08/09/2022;SÃO SALVADOR ALIMENTOS S.A.;VIRGO COMPANHIA DE SECURITIZACAO;1ª;17ª;CRA020003K0;16/11/2026;IPCA + 4,4462%;7,1634;6,8626;7,0484;0,1;1128,73311745;93,09;729,57;15/05/2025;
08/09/2022;COLOMBO AGROINDÚSTRIA S.A.;ECO SECURITIZADORA DE DIREITOS CREDITÓRIOS DO AGRONEGÓCIO S.A.;1ª;82ª;CRA021000MB;15/03/2027;IPCA + 4,4474%;6,4252;6,1645;6,1994;0,14;1089,86990553;94,15;910,16;15/08/2026;
08/09/2022;JBS S.A.;RB CAPITAL COMPANHIA DE SECURITIZACAO;5ª;2ª;CRA019005KC;15/10/2024;IPCA + 4,5%;6,9578;6,4666;6,8671;0,13;1190,35377667;95,65;500,48;15/08/2024;
08/09/2022;MINERVA S.A.;VIRGO COMPANHIA DE SECURITIZACAO;1ª;8ª;CRA01900614;16/12/2024;IPCA + 4,5%;7,5137;7,1131;7,2937;0,03;1181,65097554;94,52;537,57;15/08/2024;
08/09/2022;MARFRIG GLOBALFOODS S.A.;RB CAPITAL COMPANHIA DE SECURITIZACAO;1ª;16ª;CRA021001PQ;15/07/2028;IPCA + 4,5%;6,4539;5,9892;6,1457;0,25;1021,94587538;92,27;1293,67;15/08/2028;
08/09/2022;KLABIN S.A.;VERT COMPANHIA SECURITIZADORA;2ª;26ª;CRA019001E7;15/03/2029;IPCA + 4,5081%;6,2738;5,8081;6,0137;0,08;1174,74286706;93,29;1219,89;15/08/2028;
08/09/2022;;RB CAPITAL COMPANHIA DE SECURITIZACAO;2ª;16ª;CRA021001VA;15/07/2031;IPCA + 4,6%;6,8187;6,0724;6,384;0,35;991,39980313;89,5;1641,92;15/08/2030;
08/09/2022;REDE D'OR SÃO LUIZ S.A.;RB CAPITAL COMPANHIA DE SECURITIZACAO;189ª;1ª;18L1085826;15/12/2025;IPCA + 4,6572%;6,5958;6,1239;6,3387;0,22;1237,08649708;95,33;755,47;15/05/2025;
08/09/2022;JBS S.A.;RB CAPITAL COMPANHIA DE SECURITIZACAO;2ª;12ª;CRA020003KB;18/11/2030;IPCA + 4,7218%;6,0875;5,798;6,0144;0,08;1113,39409783;92,86;1514,92;15/08/2030;15%
08/09/2022;RAÍZEN ENERGIA S.A;RB CAPITAL COMPANHIA DE SECURITIZACAO;7ª;1ª;CRA017001P6;17/04/2024;IPCA + 4,7258%;6,7046;6,2667;6,5312;0,47;1314,74525324;97,39;389,67;15/08/2024;
08/09/2022;RAÍZEN ENERGIA S.A.;RB CAPITAL COMPANHIA DE SECURITIZACAO;12ª;1ª;CRA017008SS;16/12/2024;IPCA + 4,7588%;6,7459;6,3231;6,5599;0,46;1303,13299267;96,43;536,27;15/08/2024;
08/09/2022;BRF S.A.;VERT COMPANHIA SECURITIZADORA;ª;60ª;CRA0210013B;15/05/2031;IPCA + 4,7843%;6,5905;6,0813;6,224;0,23;1030,9596554;90,84;1761,71;15/08/2030;
08/09/2022;;VERT COMPANHIA SECURITIZADORA;ª;63ª;CRA021002SO;15/09/2028;IPCA + 4,8287%;6,26;5,8306;5,9602;0,14;1053,21724071;94,62;1295,09;15/08/2028;
08/09/2022;DIRECIONAL ENGENHARIA S.A.;APICE SECURITIZADORA S.A.;371ª;1ª;21D0737500;17/04/2028;IPCA + 4,8444%;;6,3184;6,662;0,09;1052,93874357;93,21;1026,97;15/05/2027;
08/09/2022;JBS S.A.;VIRGO COMPANHIA DE SECURITIZACAO;1ª;28ª;CRA021000GT;17/04/2028;IPCA + 4,9072%;5,9093;5,5998;5,8998;0,41;1105,70819094;95,53;1221,31;15/08/2028;
08/09/2022;GJA INDÚSTRIAS S.A;VIRGO COMPANHIA DE SECURITIZACAO;1ª;34ª;CRA0210012Z;15/05/2028;IPCA + 4,9221%;6,4658;6,1682;6,3151;0,16;1063,56897961;94,19;1140,71;15/05/2027;
08/09/2022;TEREOS AÇÚCAR E ENERGIA BRASIL S.A.;VERT COMPANHIA SECURITIZADORA;1ª;52ª;CRA021000MF;16/03/2026;IPCA + 4,9265%;7,1295;6,7914;6,8176;0,1;;95,95;580,84;15/05/2025;
08/09/2022;REDE D'OR SÃO LUIZ S.A.;RB CAPITAL COMPANHIA DE SECURITIZACAO;324ª;1ª;21D0862572;15/05/2036;IPCA + 4,9347%;6,5791;5,9483;6,2775;0,11;1014,35146418;88,84;2314,32;15/05/2035;
08/09/2022;NEOMILLE S.A.;VIRGO COMPANHIA DE SECURITIZACAO;1ª;32ª;CRA021000M9;16/03/2026;IPCA + 5,0097%;;6,2231;6,6834;0,64;1118,47147352;95,09;800,08;15/08/2026;
08/09/2022;SÃO MARTINHO S.A.;VERT COMPANHIA SECURITIZADORA;2ª;5ª;CRA017001JM;19/04/2023;IPCA + 5,0894%;;7,2171;8,3398;0,38;1329,40265342;98,17;153;15/05/2023;
08/09/2022;JBS S.A.;VIRGO COMPANHIA DE SECURITIZACAO;2ª;28ª;CRA021000GU;15/04/2031;IPCA + 5,1323%;;5,7454;6,0167;0,54;1099,65211293;94,92;1560,8;15/08/2030;
08/09/2022;SENDAS DISTRIBUIDORA S.A.;APICE SECURITIZADORA S.A.;428ª;1ª;21H1078699;16/10/2028;IPCA + 5,1531%;6,4541;6,021;6,1474;0,27;1040,75135844;95,23;1304,17;15/08/2028;
08/09/2022;;VIRGO COMPANHIA DE SECURITIZACAO;2ª;34ª;CRA02100130;15/05/2031;IPCA + 5,2476%;6,8989;6,5591;6,7825;0,27;1032,49620005;91,35;1564,86;15/08/2030;
08/09/2022;SENDAS DISTRIBUIDORA S.A.;APICE SECURITIZADORA S.A.;429ª;1ª;21H1078700;15/10/2031;IPCA + 5,2662%;6,5097;6,0084;6,2707;0,06;1027,70129323;94;1633,92;15/08/2030;
08/09/2022;COPERSUCAR S.A.;VIRGO COMPANHIA DE SECURITIZACAO;1ª;37ª;CRA021000SC;15/05/2028;IPCA + 5,2893%;6,7181;6,2715;6,4587;0,03;;95,56;1032,7;15/05/2027;5%
08/09/2022;MINERVA S.A.;VIRGO COMPANHIA DE SECURITIZACAO;1ª;15ª;CRA020001UR;16/06/2025;IPCA + 5,3%;7,3766;7,0113;7,1991;0,07;1172,94846281;96,28;533,76;15/08/2024;
08/09/2022;BRF S.A.;VERT COMPANHIA SECURITIZADORA;1ª;46ª;CRA020002GZ;15/07/2027;IPCA + 5,3%;6,5979;6,1353;6,1757;0,36;1167,68063967;96,51;1080,67;15/05/2027;
08/09/2022;;VIRGO COMPANHIA DE SECURITIZACAO;1ª;43ª;CRA021002NF;15/09/2031;IPCA + 5,3995%;;;6,1941;0,05;1098,54103068;95,35;1590,17;15/08/2030;15%
08/09/2022;RAÍZEN ENERGIA S.A.;APICE SECURITIZADORA S.A.;1ª;10ª;CRA020001P7;15/06/2027;IPCA + 5,4%;6,2679;5,8411;6,037;0,1;1188,52128342;97,5;1057,42;15/05/2027;
08/09/2022;MINERVA S.A;VIRGO COMPANHIA DE SECURITIZACAO;1ª;39ª;CRA021000RX;17/04/2028;IPCA + 5,5034%;6,5325;6,0129;6,3044;0,05;1110,18897551;96,45;1202,69;15/08/2028;
08/09/2022;LOG COMMERCIAL PROPERTIES E PARTICIPAÇÕES;VIRGO COMPANHIA DE SECURITIZACAO;362ª;4ª;21I0278118;15/09/2028;IPCA + 5,5212%;6,5126;6,2033;6,4651;0,21;1088,43443018;96,57;983,65;15/05/2027;
08/09/2022;;RB CAPITAL COMPANHIA DE SECURITIZACAO;396ª;1ª;21K0001806;15/12/2031;IPCA + 5,5758%;6,2909;5,905;6,1926;0,07;1029,47710841;96,22;1663,35;15/08/2030;
08/09/2022;MINERVA S.A.;VIRGO COMPANHIA DE SECURITIZACAO;39ª;2ª;CRA021000RY;15/04/2031;IPCA + 5,578%;6,6438;6,1283;6,3976;0,11;1098,16735054;95,38;1536,78;15/08/2030;
08/09/2022;;CIBRASEC-COMPANHIA BRASILEIRA DE SECURITIZACAO;11ª;1ª;CRA018002XN;15/07/2025;IPCA + 5,5914%;6,6248;6,1123;6,4961;0,12;1249,22903008;97,74;674,57;15/05/2025;
08/09/2022;BRF S.A.;VERT COMPANHIA SECURITIZADORA;2ª;46ª;CRA020002H1;15/07/2030;IPCA + 5,6%;6,7286;6,0585;6,399;0,11;1159,56413521;95,79;1432,44;15/08/2028;
08/09/2022;VAMOS LOCAÇÃO DE CAMINHÕES, MÁQUINAS E EQUIPAMENTOS S.A.;ECO SECURITIZADORA DE DIREITOS CREDITÓRIOS DO AGRONEGÓCIO S.A.;1ª;54ª;CRA020001US;15/06/2027;IPCA + 5,7%;6,5013;6,3104;6,4133;0,1;1192,3129356;97,76;848,38;15/08/2026;
08/09/2022;VAMOS LOCAÇÃO DE CAMINHÕES, MÁQUINAS E EQUIPAMENTOS S.A.;ECO SECURITIZADORA DE DIREITOS CREDITÓRIOS DO AGRONEGÓCIO S.A.;1ª;81ª;CRA020003PY;18/11/2030;IPCA + 5,7315%;6,6699;6,4276;6,4731;0,2;1145,45747439;95,99;1470,39;15/08/2030;
08/09/2022;MINERVA S.A.;VIRGO COMPANHIA DE SECURITIZACAO;1ª;14ª;CRA020001E4;15/05/2025;IPCA + 5,75%;7,3661;6,9276;7,1098;0,06;1192,31775794;97,45;509,68;15/08/2024;
08/09/2022;Ultra Som Serviços Médicos S.A.;VIRGO COMPANHIA DE SECURITIZACAO;378ª;4ª;21K0001812;15/12/2031;IPCA + 5,7505%;6,5372;6,1019;6,3107;0,03;1027,05783678;96,42;1732,85;15/08/2030;
08/09/2022;RAÍZEN ENERGIA S.A.;APICE SECURITIZADORA S.A.;2ª;10ª;CRA020001P8;17/06/2030;IPCA + 5,8%;6,4476;5,986;6,1818;0,03;1195,73069279;98,01;1407,6;15/08/2028;
08/09/2022;;VERT COMPANHIA SECURITIZADORA;2ª;18ª;CRA018004SD;15/10/2024;IPCA + 5,8069%;7,502;6,4829;7,3914;0,21;1291,79064213;97,82;373,58;15/08/2024;
08/09/2022;BRF S.A.;VERT COMPANHIA SECURITIZADORA;2ª;1ª;CRA01600021;18/12/2023;IPCA + 5,897%;;;6,6699;0,06;1351,90588874;99,08;319;15/08/2024;
08/09/2022;FIBRIA CELULOSE S.A.;ECO SECURITIZADORA DE DIREITOS CREDITÓRIOS DO AGRONEGÓCIO S.A.;81ª;1ª;CRA0160000X;23/06/2023;IPCA + 5,9844%;7,5104;6,8115;7,4849;0,32;1325,52773626;98,91;197;15/05/2023;10%
08/09/2022;FIBRIA CELULOSE S.A.;ECO SECURITIZADORA DE DIREITOS CREDITÓRIOS DO AGRONEGÓCIO S.A.;89ª;1ª;CRA0160001G;15/08/2023;IPCA + 5,9844%;7,3849;6,812;7,2179;0,4;1352,82638335;98,93;234;15/05/2023;
08/09/2022;Rede D'Or São Luiz S.A.;RB CAPITAL COMPANHIA DE SECURITIZACAO;184ª;1ª;18G0687521;15/07/2025;IPCA + 6,0563%;6,5603;6,2427;6,3332;0,07;1270,40765518;99,32;661,63;15/05/2025;
08/09/2022;;RB CAPITAL COMPANHIA DE SECURITIZACAO;397ª;1ª;21K0001807;15/12/2036;IPCA + 6,1017%;6,6168;6,2042;6,4289;0,03;1041,48094459;97,23;2294,5;15/05/2035;
08/09/2022;FIBRIA CELULOSE S.A.;ECO SECURITIZADORA DE DIREITOS CREDITÓRIOS DO AGRONEGÓCIO S.A.;94ª;1ª;CRA01600029;15/12/2023;IPCA + 6,1346%;7,4483;7,2064;7,3202;0,76;1386,9824526;98,67;303,34;15/05/2023;5%
08/09/2022;JBS S.A;VIRGO COMPANHIA DE SECURITIZACAO;2ª;59ª;CRA0210039L;15/12/2036;IPCA + 6,1977%;6,3966;6,0908;6,3798;0,33;;98,45;2290,01;15/05/2035;
08/09/2022;Tenda Atacado S.A;VIRGO COMPANHIA DE SECURITIZACAO;306ª;4ª;21J0001208;15/10/2026;IPCA + 6,4803%;6,981;;6,6031;0,42;;99,68;697,76;15/05/2025;
08/09/2022;Tenda Atacado S.A.;VIRGO COMPANHIA DE SECURITIZACAO;307ª;4ª;21J0001207;15/10/2028;IPCA + 6,9809%;6,6363;6,3729;6,4329;0,11;;101,81;882,97;15/08/2026;
08/09/2022;;APICE SECURITIZADORA S.A.;1ª;16ª;CRA021002N3;15/10/2026;IPCA + 6,9849%;6,9886;6,7172;6,7694;0,33;1096,86089737;100,72;892,88;15/08/2026;
06/09/2022;CYRELA BRAZIL REALTY S.A. EMPREENDIMENTOS E PARTICIPAÇÕES;RB CAPITAL COMPANHIA DE SECURITIZACAO;212ª;1ª;19G0000001;17/07/2024;100% do DI;106,1574;101,5774;103,5898;1,28;1013,07986487;99,55;259,48;;
06/09/2022;PETROBRAS DISTRIBUIDORA;CIBRASEC-COMPANHIA BRASILEIRA DE SECURITIZACAO;10ª;1ª;CRA018002XM;15/07/2024;100% do DI;104,7305;101,2244;103,1355;1,31;1012,43669149;99,39;419,36;;
06/09/2022;RAÍZEN ENERGIA S.A.;APICE SECURITIZADORA S.A.;1ª;6ª;CRA019003V2;16/07/2029;100% do DI;108,069;102,969;105,0297;1,78;994,53524861;97,63;1077,83;;
06/09/2022;MRV ENGENHARIA E PARTICIPAÇÕES S.A.;VERT COMPANHIA SECURITIZADORA;1ª;7ª;19E0967202;28/05/2024;100,4% do DI;107,575;102,3;104,7307;0,67;1027,09328397;99,21;386,14;;
06/09/2022;ALIANSCE SHOPPING CENTERS S.A.;RB CAPITAL COMPANHIA DE SECURITIZACAO;156ª;1ª;17J0000001;05/04/2023;101% do DI;106,3333;98,6533;102,7497;1,27;1051,08472604;99,88;137,56;;
06/09/2022;BR PROPERTIES S.A.;APICE SECURITIZADORA S.A.;169ª;1ª;18K0000201;20/11/2023;101% do DI;107,6666;;103,9694;0,48;1036,80216594;99,76;162,83;;
06/09/2022;CAMIL ALIMENTOS S.A.;ECO SECURITIZADORA DE DIREITOS CREDITÓRIOS DO AGRONEGÓCIO S.A.;2ª;5ª;CRA01900133;16/04/2025;101% do DI;106,2726;101,5226;103,3832;1,03;1042,7464151;99,41;552,04;;
06/09/2022;KLABIN S.A.;APICE SECURITIZADORA S.A.;23ª;1ª;CRA0180040H;21/01/2025;102% do DI;107,5773;102,5939;103,9682;0,59;1013,33724225;99,54;523,78;;
06/09/2022;TEREOS AÇÚCAR E ENERGIA BRASIL S.A.;VERT COMPANHIA SECURITIZADORA;1ª;18ª;CRA018004MT;17/10/2022;103% do DI;111,625;105,3;107,7072;2,48;524,72315394;99,93;27;;
06/09/2022;DIRECIONAL ENGENHARIA S.A.;APICE SECURITIZADORA S.A.;193ª;1ª;19G0269138;04/07/2025;104% do DI;111,975;105,0;106,4591;1,06;1019,49782898;99,6;351,59;;
06/09/2022;MARFRIG GLOBAL FOODS S.A.;RB CAPITAL COMPANHIA DE SECURITIZACAO;1ª;4ª;CRA019004SH;15/09/2023;104% do DI;109,5;102,625;102,9998;0,66;1061,87638891;100,06;120,15;;
06/09/2022;JBS S.A.;RB CAPITAL COMPANHIA DE SECURITIZACAO;1ª;5ª;CRA019005K9;16/10/2023;115% do DI;106,1666;98,5;102,1283;1,65;1065,73989402;100,9;140,31;;
06/09/2022;MULTIPLAN EMPREENDIMENTOS IMOBILIÁRIOS S.A. ;CIBRASEC-COMPANHIA BRASILEIRA DE SECURITIZACAO;272ª;2ª;16L0074884;15/12/2022;95% do DI;106,9256;102,2505;102,7104;0,99;1024,93655914;99,73;68;;
06/09/2022;MULTIPLAN EMPREENDIMENTOS IMOBILIÁRIOS S.A. ;CIBRASEC-COMPANHIA BRASILEIRA DE SECURITIZACAO;288ª;2ª;17F0023368;14/06/2023;95% do DI;104,6413;101,693;102,6899;1,22;1020,77157061;99,28;183,72;;
06/09/2022;IPIRANGA PRODUTOS DE PETRÓLEO S.A.;VERT COMPANHIA SECURITIZADORA;1ª;14ª;CRA017007ER;25/10/2022;95% do DI;106,48;100,3333;102,438;0;1043,31660332;99,87;33;;
06/09/2022;REDE D'OR SÃO LUIZ S.A. ;RB CAPITAL COMPANHIA DE SECURITIZACAO;208ª;1ª;19B0268307;15/02/2023;95,75% do DI;103,78;101,28;102,003;0,97;1004,20814164;99,64;112;;
06/09/2022;IGUATEMI EMPRESA DE SHOPPING CENTERS S.A. ;RB CAPITAL COMPANHIA DE SECURITIZACAO;159ª;1ª;17I0000201;18/09/2024;96% do DI;108,275;;104,8099;3,6;1040,9534957;98,59;339,05;;
06/09/2022;RAÍZEN ENERGIA S.A;RB CAPITAL COMPANHIA DE SECURITIZACAO;6ª;1ª;CRA017001P5;19/04/2023;96% do DI;105,7468;100,3962;101,9879;1,09;1041,07332683;99,55;146,82;;
06/09/2022;NORSA REFRIGERANTES S.A.;RB CAPITAL COMPANHIA DE SECURITIZACAO;8ª;1ª;CRA017006HF;03/10/2022;96% do DI;106,48;99,375;101,0551;0,29;1051,00257938;99,95;18;;35%
06/09/2022;RAÍZEN ENERGIA S.A.;RB CAPITAL COMPANHIA DE SECURITIZACAO;1ª;2ª;CRA019000GS;17/03/2025;96% do DI;107,0312;102,3812;103,4628;0,89;1038,10740563;98,23;533,58;;
06/09/2022;REDE D'OR SÃO LUIZ S.A.;RB CAPITAL COMPANHIA DE SECURITIZACAO;188ª;1ª;18L1085825;15/12/2023;96,5% do DI;104,7467;101,2834;102,0946;0,64;1019,85194156;99,19;296,9;;
06/09/2022;SOCIEDADE BENEFICIENTE ISRAELITA BRASILEIRA HOSPITAL ALBERT EINSTEN;APICE SECURITIZADORA S.A.;103ª;1ª;18H0014828;15/08/2025;97% do DI;106,9289;102,2089;103,791;1,78;746,45526317;98,79;383,22;;
06/09/2022;FIBRIA CELULOSE S.A. ;RB CAPITAL COMPANHIA DE SECURITIZACAO;9ª;1ª;CRA017006HH;23/09/2022;97% do DI;104,5321;99,8321;102,1473;0,35;1054,5349457;99,97;12;;
06/09/2022;RAÍZEN COMBUSTÍVEIS;RB CAPITAL COMPANHIA DE SECURITIZACAO;11ª;1ª;CRA017008SR;15/12/2023;97% do DI;106,2353;100,2024;102,3355;1,06;1020,31147345;99,23;296,82;;
06/09/2022;BR MALLS PARTICIPAÇÕES S.A.;APICE SECURITIZADORA S.A.;105ª;1ª;17I0904388;03/10/2023;97,5% do DI;106,0;100,5;103,3238;1,23;698,94174252;99,62;132,15;;
06/09/2022;IGUATEMI EMPRE DE SHOPPING CENTERS S.A.;APICE SECURITIZADORA S.A.;138ª;1ª;18F0744615;15/06/2023;97,5% do DI;105,75;100,2;103,0692;1,3;1023,0136506;99,48;184,54;;
06/09/2022;KLABIN;ECO SECURITIZADORA DE DIREITOS CREDITÓRIOS DO AGRONEGÓCIO S.A.;135ª;1ª;CRA017009KJ;20/12/2023;97,5% do DI;106,7014;101,6014;102,45;0,91;1020,06481605;99,27;299,58;;
06/09/2022;IPIRANGA PRODUTOS DE PETRÓLEO S.A.;VERT COMPANHIA SECURITIZADORA;1ª;20ª;CRA01800590;18/12/2023;97,5% do DI;104,9583;101,5485;102,9098;0,45;1019,8968061;99,21;297,69;;
06/09/2022;DURATEX S.A.;OURINVEST SECURITIZADORA S.A.;5ª;2ª;CRA0160002L;22/12/2022;98% do DI;106,175;100,07;101,7425;1,77;1025,25690145;99,86;73;;35%
06/09/2022;CAMIL ALIMENTOS S.A.;ECO SECURITIZADORA DE DIREITOS CREDITÓRIOS DO AGRONEGÓCIO S.A.;1ª;5ª;CRA01900132;18/04/2023;98% do DI;104,9698;100,3448;102,1628;1,01;1044,16615289;99,69;145,67;;
06/09/2022;KLABIN S.A;VERT COMPANHIA SECURITIZADORA;1ª;26ª;CRA019001E6;16/03/2026;98% do DI;106,4333;101,525;104,698;1,83;1036,26094017;97,92;706,55;;
06/09/2022;RAIA DROGASIL S.A.;VERT COMPANHIA SECURITIZADORA;1ª;4ª;19C0000001;13/03/2026;98,5% do DI;112,04;105,065;109,1035;5,4;1028,56682961;97,13;615,76;;
06/09/2022;SÃO MARTINHO S.A.;VERT COMPANHIA SECURITIZADORA;1ª;24ª;CRA019000RT;15/04/2026;98,5% do DI;106,2889;102,0092;104,0105;1,12;1031,33593565;98,39;661,09;;
06/09/2022;REDE D?OR SÃO LUIZ S.A.;RB CAPITAL COMPANHIA DE SECURITIZACAO;157ª;1ª;18C0682649;09/03/2023;99% do DI;107,9735;;103,5196;1,59;1057,62716833;99,73;118,78;;
06/09/2022;SÃO MARTINHO S.A.;VERT COMPANHIA SECURITIZADORA;1ª;15ª;CRA018000M9;15/03/2023;99% do DI;104,7443;100,4043;102,3257;0,77;1056,52938546;99,79;122,75;;
06/09/2022;VLI MULTIMODAL S.A.;RB CAPITAL COMPANHIA DE SECURITIZACAO;14ª;1ª;CRA018003UX;12/09/2023;99,5% do DI;105,0333;100,325;102,972;0,45;1054,91810414;99,59;232,21;;
06/09/2022;;VERT COMPANHIA SECURITIZADORA;1ª;21ª;CRA019000GP;15/02/2024;DI + 0,9%;1,1338;1,0003;1,0744;0,38;335,79612018;99,87;191,59;;
06/09/2022;CERRADINHO BIOENERGIA S.A.;CERRADINHO BIOENERGIA S.A.;1ª;25ª;CRA019002MM;16/05/2024;DI + 1%;1,73;1,33;1,5225;0,13;830,50773946;99,56;214,79;;
06/09/2022;COCAL COMÉRCIO E INDÚSTRIA CANAÃ DE AÇÚCAR E ÁLCOOL LTDA;VIRGO COMPANHIA DE SECURITIZACAO;1ª;3ª;CRA019000XD;15/03/2023;DI + 1,5%;;;1,1433;0,04;534,30015011;100,17;121,86;;
06/09/2022;VALE DO TIJUCO AÇÚCAR E ÁLCOOL S.A.;ECO SECURITIZADORA DE DIREITOS CREDITÓRIOS DO AGRONEGÓCIO S.A.;176ª;1ª;CRA018004SC;19/10/2022;DI + 1,8%;2,5533;2,2033;2,2736;0,19;527,22284768;99,95;29;;
06/09/2022;;VIRGO COMPANHIA DE SECURITIZACAO;1ª;51ª;CRA021001KA;21/12/2026;DI + 2,1%;;;1,45;0,06;1047,96602112;101,46;572,25;;
06/09/2022;PATRIMAR ENGENHARIA S.A.;VIRGO COMPANHIA DE SECURITIZACAO;239ª;4ª;21C0601989;26/03/2025;DI + 2,99%;;;2,2133;0,43;1043,0715365;101,09;362,49;;
06/09/2022;;ECO SECURITIZADORA DE DIREITOS CREDITÓRIOS DO AGRONEGÓCIO S.A.;1ª;7ª;CRA0190020E;15/12/2025;DI + 3%;;2,95;3,4861;0,16;668,78965867;99,32;364,61;;
06/09/2022;;VIRGO COMPANHIA DE SECURITIZACAO;2ª;14ª;CRA020001E5;15/05/2026;DI + 5,4%;2,857;2,5445;2,6821;0,17;1135,47389288;107,38;692,55;;
06/09/2022;ORK EMPREENDIMENTOS IMOBILIÁRIOS SPE LTDA ;RB CAPITAL COMPANHIA DE SECURITIZACAO;135ª;1ª;16G0000001;12/07/2023;DI -0,1%;;;1,2333;0,1;459,77083879;99,46;103,09;;
06/09/2022;REDE D?OR SÃO LUIZ S.A.;RB CAPITAL COMPANHIA DE SECURITIZACAO;221ª;1ª;19H0262186;15/08/2029;IPCA + 3,4465%;6,4483;5,8755;6,1771;0,33;1066,42321807;86,97;1342,48;15/08/2028;
06/09/2022;KLABIN S.A.;VERT COMPANHIA SECURITIZADORA;1ª;30ª;CRA019003JY;15/06/2029;IPCA + 3,5%;6,3271;5,9241;6,151;0,18;1082,82722415;87,61;1311,24;15/08/2028;
06/09/2022;RAÍZEN ENERGIA S.A.;APICE SECURITIZADORA S.A.;1ª;6ª;CRA019003V3;16/07/2029;IPCA + 3,602%;6,402;6,0241;6,1595;0,06;1082,83768559;87,87;1329,52;15/08/2028;
06/09/2022;M. DIAS BRANCO S.A. INDÚSTRIA E COMÉRCIO DE ALIMENTOS;VIRGO COMPANHIA DE SECURITIZACAO;1ª;25ª;CRA021000MG;15/03/2028;IPCA + 3,7992%;6,1733;5,8956;6,1214;0,16;1049,68448906;89,7;1232,06;15/08/2028;
06/09/2022;RAÍZEN ENERGIA S.A.;RB CAPITAL COMPANHIA DE SECURITIZACAO;2ª;2ª;CRA019000GT;16/03/2026;IPCA + 4,04%;6,3844;;6,0055;0,2;1192,83333228;94,04;825,58;15/08/2026;
06/09/2022;JBS S.A.;RB CAPITAL COMPANHIA DE SECURITIZACAO;1ª;12ª;CRA020003KA;16/11/2027;IPCA + 4,2957%;;5,8689;6,1223;0,18;1105,31140522;92,29;1160,74;15/08/2028;45%
06/09/2022;IPIRANGA PRODUTOS DE PETRÓLEO S.A.;VERT COMPANHIA SECURITIZADORA;2ª;14ª;CRA017007ES;25/10/2024;IPCA + 4,3358%;6,8562;6,3635;6,5388;0,48;1309,52991773;95,9;505;15/08/2024;
06/09/2022;SÃO SALVADOR ALIMENTOS S.A.;VIRGO COMPANHIA DE SECURITIZACAO;1ª;17ª;CRA020003K0;16/11/2026;IPCA + 4,4462%;7,2573;6,9562;7,1257;0,1;1126,23861495;92,89;730,37;15/05/2025;
06/09/2022;COLOMBO AGROINDÚSTRIA S.A.;ECO SECURITIZADORA DE DIREITOS CREDITÓRIOS DO AGRONEGÓCIO S.A.;1ª;82ª;CRA021000MB;15/03/2027;IPCA + 4,4474%;6,5576;6,0438;6,2767;0,09;1086,91061799;93,9;910,94;15/08/2026;
06/09/2022;JBS S.A.;RB CAPITAL COMPANHIA DE SECURITIZACAO;5ª;2ª;CRA019005KC;15/10/2024;IPCA + 4,5%;7,1166;6,6754;6,8969;0,2;1189,55871647;95,58;501,47;15/08/2024;
06/09/2022;MINERVA S.A.;VIRGO COMPANHIA DE SECURITIZACAO;1ª;8ª;CRA01900614;16/12/2024;IPCA + 4,5%;7,531;7,0862;7,3198;0,11;1180,88440713;94,46;538,56;15/08/2024;
06/09/2022;MARFRIG GLOBALFOODS S.A.;RB CAPITAL COMPANHIA DE SECURITIZACAO;1ª;16ª;CRA021001PQ;15/07/2028;IPCA + 4,5%;6,5588;6,0392;6,2086;0,25;1018,75263271;91,98;1294,33;15/08/2028;
06/09/2022;KLABIN S.A.;VERT COMPANHIA SECURITIZADORA;2ª;26ª;CRA019001E7;15/03/2029;IPCA + 4,5081%;6,2974;5,8707;6,0856;0,12;1170,79575613;92,98;1220,47;15/08/2028;
06/09/2022;;RB CAPITAL COMPANHIA DE SECURITIZACAO;2ª;16ª;CRA021001VA;15/07/2031;IPCA + 4,6%;6,8084;6,0982;6,4177;0,33;989,26073145;89,31;1642,47;15/08/2030;
06/09/2022;REDE D'OR SÃO LUIZ S.A.;RB CAPITAL COMPANHIA DE SECURITIZACAO;189ª;1ª;18L1085826;15/12/2025;IPCA + 4,6572%;6,6462;6,2601;6,3971;0,21;1234,93375295;95,16;756,39;15/05/2025;
06/09/2022;JBS S.A.;RB CAPITAL COMPANHIA DE SECURITIZACAO;2ª;12ª;CRA020003KB;18/11/2030;IPCA + 4,7218%;6,2043;5,9333;6,1623;0,1;1104,18746969;92,08;1514,23;15/08/2030;45%
06/09/2022;RAÍZEN ENERGIA S.A;RB CAPITAL COMPANHIA DE SECURITIZACAO;7ª;1ª;CRA017001P6;17/04/2024;IPCA + 4,7258%;6,841;6,5192;6,5869;0,46;1313,54784329;97,31;390,67;15/08/2024;
06/09/2022;RAÍZEN ENERGIA S.A.;RB CAPITAL COMPANHIA DE SECURITIZACAO;12ª;1ª;CRA017008SS;16/12/2024;IPCA + 4,7588%;6,8193;;6,5988;0,39;1301,98667909;96,35;537,26;15/08/2024;
06/09/2022;BRF S.A.;VERT COMPANHIA SECURITIZADORA;ª;60ª;CRA0210013B;15/05/2031;IPCA + 4,7843%;6,6579;6,0959;6,2449;0,22;1029,45003695;90,71;1762,35;15/08/2030;
06/09/2022;;VERT COMPANHIA SECURITIZADORA;ª;63ª;CRA021002SO;15/09/2028;IPCA + 4,8287%;6,3156;5,7769;6,0223;0,14;1049,96533077;94,33;1295,65;15/08/2028;
06/09/2022;DIRECIONAL ENGENHARIA S.A.;APICE SECURITIZADORA S.A.;371ª;1ª;21D0737500;17/04/2028;IPCA + 4,8444%;6,8139;6,6522;6,7323;0,12;1050,00197809;92,95;1027,67;15/05/2027;
06/09/2022;JBS S.A.;VIRGO COMPANHIA DE SECURITIZACAO;1ª;28ª;CRA021000GT;17/04/2028;IPCA + 4,9072%;6,0729;5,763;6,0244;0,39;1099,51234208;94,98;1221,61;15/08/2028;
06/09/2022;GJA INDÚSTRIAS S.A;VIRGO COMPANHIA DE SECURITIZACAO;1ª;34ª;CRA0210012Z;15/05/2028;IPCA + 4,9221%;6,58;6,2821;6,4612;0,23;1056,8762207;93,6;1141,01;15/05/2027;
06/09/2022;TEREOS AÇÚCAR E ENERGIA BRASIL S.A.;VERT COMPANHIA SECURITIZADORA;1ª;52ª;CRA021000MF;16/03/2026;IPCA + 4,9265%;7,1836;6,4814;6,8285;0,25;;95,92;581,81;15/05/2025;
06/09/2022;REDE D'OR SÃO LUIZ S.A.;RB CAPITAL COMPANHIA DE SECURITIZACAO;324ª;1ª;21D0862572;15/05/2036;IPCA + 4,9347%;6,5628;5,9647;6,3004;0,14;1012,25350527;88,66;2314,27;15/05/2035;
06/09/2022;NEOMILLE S.A.;VIRGO COMPANHIA DE SECURITIZACAO;1ª;32ª;CRA021000M9;16/03/2026;IPCA + 5,0097%;;6,3356;6,8374;0,24;1113,41478365;94,65;800,82;15/08/2026;
06/09/2022;SÃO MARTINHO S.A.;VERT COMPANHIA SECURITIZADORA;2ª;5ª;CRA017001JM;19/04/2023;IPCA + 5,0894%;;;8,2188;0,33;1330,1078462;98,22;154;15/05/2023;
06/09/2022;JBS S.A.;VIRGO COMPANHIA DE SECURITIZACAO;2ª;28ª;CRA021000GU;15/04/2031;IPCA + 5,1323%;6,1882;;6,053;0,46;1097,40775056;94,72;1561,3;15/08/2030;
06/09/2022;SENDAS DISTRIBUIDORA S.A.;APICE SECURITIZADORA S.A.;428ª;1ª;21H1078699;16/10/2028;IPCA + 5,1531%;6,5666;6,028;6,1792;0,12;1039,04827978;95,08;1304,94;15/08/2028;
06/09/2022;;VIRGO COMPANHIA DE SECURITIZACAO;2ª;34ª;CRA02100130;15/05/2031;IPCA + 5,2476%;6,86;6,5772;6,8341;0,28;1029,28870068;91,07;1565,13;15/08/2030;
06/09/2022;SENDAS DISTRIBUIDORA S.A.;APICE SECURITIZADORA S.A.;429ª;1ª;21H1078700;15/10/2031;IPCA + 5,2662%;6,6826;6,1295;6,3443;0,14;1023,00402198;93,57;1633,72;15/08/2030;
06/09/2022;COPERSUCAR S.A.;VIRGO COMPANHIA DE SECURITIZACAO;1ª;37ª;CRA021000SC;15/05/2028;IPCA + 5,2893%;6,7602;6,3192;6,4981;0,11;;95,41;1033,52;15/05/2027;10%
06/09/2022;MINERVA S.A.;VIRGO COMPANHIA DE SECURITIZACAO;1ª;15ª;CRA020001UR;16/06/2025;IPCA + 5,3%;7,5041;7,0418;7,2297;0,09;1172,09104488;96,21;534,74;15/08/2024;
06/09/2022;BRF S.A.;VERT COMPANHIA SECURITIZADORA;1ª;46ª;CRA020002GZ;15/07/2027;IPCA + 5,3%;6,6512;6,2024;6,2486;0,33;1164,14405172;96,22;1081,42;15/05/2027;
06/09/2022;;VIRGO COMPANHIA DE SECURITIZACAO;1ª;43ª;CRA021002NF;15/09/2031;IPCA + 5,3995%;6,4129;;6,2758;0,17;1093,30027674;94,89;1589,75;15/08/2030;45%
06/09/2022;RAÍZEN ENERGIA S.A.;APICE SECURITIZADORA S.A.;1ª;10ª;CRA020001P7;15/06/2027;IPCA + 5,4%;6,3136;5,9861;6,1211;0,23;1184,47325818;97,17;1058,12;15/05/2027;
06/09/2022;MINERVA S.A;VIRGO COMPANHIA DE SECURITIZACAO;1ª;39ª;CRA021000RX;17/04/2028;IPCA + 5,5034%;6,5638;6,0871;6,3494;0,06;1107,84487798;96,25;1203,42;15/08/2028;
06/09/2022;LOG COMMERCIAL PROPERTIES E PARTICIPAÇÕES;VIRGO COMPANHIA DE SECURITIZACAO;362ª;4ª;21I0278118;15/09/2028;IPCA + 5,5212%;6,7083;6,3103;6,561;0,2;1084,67986597;96,23;984,1;15/05/2027;
06/09/2022;;RB CAPITAL COMPANHIA DE SECURITIZACAO;396ª;1ª;21K0001806;15/12/2031;IPCA + 5,5758%;6,4212;6,1288;6,2625;0,12;1024,9239296;95,8;1663,19;15/08/2030;
06/09/2022;MINERVA S.A.;VIRGO COMPANHIA DE SECURITIZACAO;39ª;2ª;CRA021000RY;15/04/2031;IPCA + 5,578%;6,644;6,1238;6,4079;0,12;1097,41369387;95,32;1537,63;15/08/2030;
06/09/2022;;CIBRASEC-COMPANHIA BRASILEIRA DE SECURITIZACAO;11ª;1ª;CRA018002XN;15/07/2025;IPCA + 5,5914%;6,8625;6,428;6,6035;0,23;1245,73405613;97,47;675,51;15/05/2025;
06/09/2022;BRF S.A.;VERT COMPANHIA SECURITIZADORA;2ª;46ª;CRA020002H1;15/07/2030;IPCA + 5,6%;6,7444;6,1696;6,469;0,1;1155,1245364;95,43;1432,72;15/08/2028;
06/09/2022;VAMOS LOCAÇÃO DE CAMINHÕES, MÁQUINAS E EQUIPAMENTOS S.A.;ECO SECURITIZADORA DE DIREITOS CREDITÓRIOS DO AGRONEGÓCIO S.A.;1ª;54ª;CRA020001US;15/06/2027;IPCA + 5,7%;6,6091;6,4223;6,518;0,1;1188,25354171;97,43;849,05;15/08/2026;
06/09/2022;VAMOS LOCAÇÃO DE CAMINHÕES, MÁQUINAS E EQUIPAMENTOS S.A.;ECO SECURITIZADORA DE DIREITOS CREDITÓRIOS DO AGRONEGÓCIO S.A.;1ª;81ª;CRA020003PY;18/11/2030;IPCA + 5,7315%;6,7204;6,417;6,5119;0,2;1142,9109126;95,78;1470,91;15/08/2030;
06/09/2022;MINERVA S.A.;VIRGO COMPANHIA DE SECURITIZACAO;1ª;14ª;CRA020001E4;15/05/2025;IPCA + 5,75%;7,441;6,9337;7,1287;0,18;1191,74574286;97,41;510,66;15/08/2024;
06/09/2022;Ultra Som Serviços Médicos S.A.;VIRGO COMPANHIA DE SECURITIZACAO;378ª;4ª;21K0001812;15/12/2031;IPCA + 5,7505%;6,5983;6,1676;6,3559;0,13;1023,96430952;96,14;1733;15/08/2030;
06/09/2022;RAÍZEN ENERGIA S.A.;APICE SECURITIZADORA S.A.;2ª;10ª;CRA020001P8;17/06/2030;IPCA + 5,8%;6,3771;6,0457;6,2351;0,18;1192,27718395;97,73;1408,04;15/08/2028;
06/09/2022;;VERT COMPANHIA SECURITIZADORA;2ª;18ª;CRA018004SD;15/10/2024;IPCA + 5,8069%;7,6176;7,2372;7,4354;0,12;1290,83301478;97,75;374,54;15/08/2024;
06/09/2022;BRF S.A.;VERT COMPANHIA SECURITIZADORA;2ª;1ª;CRA01600021;18/12/2023;IPCA + 5,897%;;6,6242;6,6584;0,36;1351,94770529;99,09;320;15/08/2024;
06/09/2022;FIBRIA CELULOSE S.A.;ECO SECURITIZADORA DE DIREITOS CREDITÓRIOS DO AGRONEGÓCIO S.A.;81ª;1ª;CRA0160000X;23/06/2023;IPCA + 5,9844%;7,8905;7,0177;7,4021;0,93;1326,14998939;98,96;198;15/05/2023;35%
06/09/2022;FIBRIA CELULOSE S.A.;ECO SECURITIZADORA DE DIREITOS CREDITÓRIOS DO AGRONEGÓCIO S.A.;89ª;1ª;CRA0160001G;15/08/2023;IPCA + 5,9844%;7,3418;6,7372;7,1105;0,98;1353,92030129;99,02;235;15/05/2023;
06/09/2022;Rede D'Or São Luiz S.A.;RB CAPITAL COMPANHIA DE SECURITIZACAO;184ª;1ª;18G0687521;15/07/2025;IPCA + 6,0563%;6,6421;5,8882;6,4636;0,24;1266,20214734;99;662,53;15/05/2025;
06/09/2022;;RB CAPITAL COMPANHIA DE SECURITIZACAO;397ª;1ª;21K0001807;15/12/2036;IPCA + 6,1017%;6,6825;6,276;6,4864;0,02;1036,27217756;96,75;2292,52;15/05/2035;
06/09/2022;FIBRIA CELULOSE S.A.;ECO SECURITIZADORA DE DIREITOS CREDITÓRIOS DO AGRONEGÓCIO S.A.;94ª;1ª;CRA01600029;15/12/2023;IPCA + 6,1346%;7,5193;;7,2956;0,92;1387,18604025;98,69;304,34;15/05/2023;10%
06/09/2022;JBS S.A;VIRGO COMPANHIA DE SECURITIZACAO;2ª;59ª;CRA0210039L;15/12/2036;IPCA + 6,1977%;6,556;6,25;6,457;0,33;;97,8;2287;15/05/2035;
06/09/2022;Tenda Atacado S.A;VIRGO COMPANHIA DE SECURITIZACAO;306ª;4ª;21J0001208;15/10/2026;IPCA + 6,4803%;7,2246;;6,7213;0,42;;99,38;698,45;15/05/2025;
06/09/2022;Tenda Atacado S.A.;VIRGO COMPANHIA DE SECURITIZACAO;307ª;4ª;21J0001207;15/10/2028;IPCA + 6,9809%;6,8791;6,4029;6,4985;0,08;;101,59;883,54;15/08/2026;
06/09/2022;;APICE SECURITIZADORA S.A.;1ª;16ª;CRA021002N3;15/10/2026;IPCA + 6,9849%;7,0248;6,7231;6,8729;0,16;1092,97836882;100,37;893,57;15/08/2026;
05/09/2022;CYRELA BRAZIL REALTY S.A. EMPREENDIMENTOS E PARTICIPAÇÕES;RB CAPITAL COMPANHIA DE SECURITIZACAO;212ª;1ª;19G0000001;17/07/2024;100% do DI;105,5903;101,4036;103,6873;1,42;1012,49978233;99,54;260,64;;
05/09/2022;PETROBRAS DISTRIBUIDORA;CIBRASEC-COMPANHIA BRASILEIRA DE SECURITIZACAO;10ª;1ª;CRA018002XM;15/07/2024;100% do DI;104,748;100,8986;103,3223;1,65;1011,66852873;99,36;420,84;;
05/09/2022;RAÍZEN ENERGIA S.A.;APICE SECURITIZADORA S.A.;1ª;6ª;CRA019003V2;16/07/2029;100% do DI;107,4876;102,9043;105,1452;1,75;993,66071524;97,59;1083,29;;
05/09/2022;MRV ENGENHARIA E PARTICIPAÇÕES S.A.;VERT COMPANHIA SECURITIZADORA;1ª;7ª;19E0967202;28/05/2024;100,4% do DI;106,998;102,875;104,9098;0,84;1026,37755226;99,19;387,51;;
05/09/2022;ALIANSCE SHOPPING CENTERS S.A.;RB CAPITAL COMPANHIA DE SECURITIZACAO;156ª;1ª;17J0000001;05/04/2023;101% do DI;105,2775;99,0175;102,6552;1,38;1050,61724737;99,88;138,56;;
05/09/2022;BR PROPERTIES S.A.;APICE SECURITIZADORA S.A.;169ª;1ª;18K0000201;20/11/2023;101% do DI;106,66;100,66;103,8586;1;1036,38563108;99,77;163,88;;
05/09/2022;CAMIL ALIMENTOS S.A.;ECO SECURITIZADORA DE DIREITOS CREDITÓRIOS DO AGRONEGÓCIO S.A.;2ª;5ª;CRA01900133;16/04/2025;101% do DI;105,5183;101,3183;103,5905;1,26;1041,781133;99,37;554,22;;
05/09/2022;KLABIN S.A.;APICE SECURITIZADORA S.A.;23ª;1ª;CRA0180040H;21/01/2025;102% do DI;107,1089;101,6271;104,0638;0,64;1012,66036561;99,52;525,77;;
05/09/2022;TEREOS AÇÚCAR E ENERGIA BRASIL S.A.;VERT COMPANHIA SECURITIZADORA;1ª;18ª;CRA018004MT;17/10/2022;103% do DI;110,844;105,384;107,6438;2,27;524,44296042;99,93;28;;
05/09/2022;DIRECIONAL ENGENHARIA S.A.;APICE SECURITIZADORA S.A.;193ª;1ª;19G0269138;04/07/2025;104% do DI;110,82;103,4;106,0855;1,42;1019,63002325;99,66;353,17;;
05/09/2022;MARFRIG GLOBAL FOODS S.A.;RB CAPITAL COMPANHIA DE SECURITIZACAO;1ª;4ª;CRA019004SH;15/09/2023;104% do DI;105,24;100,365;102,8984;0,72;1061,37979385;100,07;121,18;;
05/09/2022;JBS S.A.;RB CAPITAL COMPANHIA DE SECURITIZACAO;1ª;5ª;CRA019005K9;16/10/2023;115% do DI;106,1666;98,6275;102,1822;1,78;1065,02547095;100,89;141,33;;
05/09/2022;MULTIPLAN EMPREENDIMENTOS IMOBILIÁRIOS S.A. ;CIBRASEC-COMPANHIA BRASILEIRA DE SECURITIZACAO;272ª;2ª;16L0074884;15/12/2022;95% do DI;106,4386;100,7529;102,7537;0,93;1024,39411098;99,73;69;;
05/09/2022;MULTIPLAN EMPREENDIMENTOS IMOBILIÁRIOS S.A. ;CIBRASEC-COMPANHIA BRASILEIRA DE SECURITIZACAO;288ª;2ª;17F0023368;14/06/2023;95% do DI;103,9227;101,4923;102,6654;1,36;1020,33398749;99,29;184,72;;
05/09/2022;IPIRANGA PRODUTOS DE PETRÓLEO S.A.;VERT COMPANHIA SECURITIZADORA;1ª;14ª;CRA017007ER;25/10/2022;95% do DI;104,42;100,125;102,318;0,25;1042,79810649;99,87;34;;
05/09/2022;REDE D'OR SÃO LUIZ S.A. ;RB CAPITAL COMPANHIA DE SECURITIZACAO;208ª;1ª;19B0268307;15/02/2023;95,75% do DI;103,7778;101,2778;101,84;0,97;1003,79209202;99,65;113;;
05/09/2022;IGUATEMI EMPRESA DE SHOPPING CENTERS S.A. ;RB CAPITAL COMPANHIA DE SECURITIZACAO;159ª;1ª;17I0000201;18/09/2024;96% do DI;107,596;;104,9984;3,4;1040,35766617;98,58;340,37;;
05/09/2022;RAÍZEN ENERGIA S.A;RB CAPITAL COMPANHIA DE SECURITIZACAO;6ª;1ª;CRA017001P5;19/04/2023;96% do DI;103,9334;100,1834;101,9812;1,25;1040,5707639;99,55;147,82;;
05/09/2022;NORSA REFRIGERANTES S.A.;RB CAPITAL COMPANHIA DE SECURITIZACAO;8ª;1ª;CRA017006HF;03/10/2022;96% do DI;104,68;99,4;102,2063;0,5;1050,35018984;99,94;19;;
05/09/2022;RAÍZEN ENERGIA S.A.;RB CAPITAL COMPANHIA DE SECURITIZACAO;1ª;2ª;CRA019000GS;17/03/2025;96% do DI;106,5491;101,3073;103,4875;0,89;1037,82658311;98,25;535,66;;
05/09/2022;REDE D'OR SÃO LUIZ S.A.;RB CAPITAL COMPANHIA DE SECURITIZACAO;188ª;1ª;18L1085825;15/12/2023;96,5% do DI;104,1141;100,3941;101,9339;1,26;1019,71283244;99,22;298,02;;
05/09/2022;SOCIEDADE BENEFICIENTE ISRAELITA BRASILEIRA HOSPITAL ALBERT EINSTEN;APICE SECURITIZADORA S.A.;103ª;1ª;18H0014828;15/08/2025;97% do DI;106,3491;102,0825;103,8446;1,73;746,14033904;98,8;384,78;;
05/09/2022;FIBRIA CELULOSE S.A. ;RB CAPITAL COMPANHIA DE SECURITIZACAO;9ª;1ª;CRA017006HH;23/09/2022;97% do DI;103,9174;99,7707;102,1606;0,34;1053,98908737;99,97;13;;
05/09/2022;RAÍZEN COMBUSTÍVEIS;RB CAPITAL COMPANHIA DE SECURITIZACAO;11ª;1ª;CRA017008SR;15/12/2023;97% do DI;104,5313;100,1147;102,5123;1,17;1019,67198027;99,21;297,93;;
05/09/2022;BR MALLS PARTICIPAÇÕES S.A.;APICE SECURITIZADORA S.A.;105ª;1ª;17I0904388;03/10/2023;97,5% do DI;105,284;100,4166;103,29;1,43;698,62598764;99,62;133,19;;
05/09/2022;IGUATEMI EMPRE DE SHOPPING CENTERS S.A.;APICE SECURITIZADORA S.A.;138ª;1ª;18F0744615;15/06/2023;97,5% do DI;105,252;100,26;103,176;1,55;1022,42971367;99,47;185,55;;
05/09/2022;KLABIN;ECO SECURITIZADORA DE DIREITOS CREDITÓRIOS DO AGRONEGÓCIO S.A.;135ª;1ª;CRA017009KJ;20/12/2023;97,5% do DI;106,1572;100,0727;102,5071;0,98;1019,58874102;99,28;300,7;;
05/09/2022;IPIRANGA PRODUTOS DE PETRÓLEO S.A.;VERT COMPANHIA SECURITIZADORA;1ª;20ª;CRA01800590;18/12/2023;97,5% do DI;104,4985;100,2919;102,9915;0,38;1019,38925518;99,21;298,81;;
05/09/2022;DURATEX S.A.;OURINVEST SECURITIZADORA S.A.;5ª;2ª;CRA0160002L;22/12/2022;98% do DI;104,4214;99,9714;102,8502;1,92;1024,30346585;99,82;74;;
05/09/2022;CAMIL ALIMENTOS S.A.;ECO SECURITIZADORA DE DIREITOS CREDITÓRIOS DO AGRONEGÓCIO S.A.;1ª;5ª;CRA01900132;18/04/2023;98% do DI;104,2244;100,1244;102,3793;1,22;1043,4784949;99,67;146,67;;
05/09/2022;KLABIN S.A;VERT COMPANHIA SECURITIZADORA;1ª;26ª;CRA019001E6;16/03/2026;98% do DI;106,4666;100,8925;104,5119;1,91;1036,62272504;98,01;709,74;;
05/09/2022;RAIA DROGASIL S.A.;VERT COMPANHIA SECURITIZADORA;1ª;4ª;19C0000001;13/03/2026;98,5% do DI;112,065;105,09;108,3251;5,37;1030,62690143;97,37;618,62;;
05/09/2022;SÃO MARTINHO S.A.;VERT COMPANHIA SECURITIZADORA;1ª;24ª;CRA019000RT;15/04/2026;98,5% do DI;106,371;102,018;104,0556;1,22;1030,91459444;98,4;663,49;;
05/09/2022;REDE D?OR SÃO LUIZ S.A.;RB CAPITAL COMPANHIA DE SECURITIZACAO;157ª;1ª;18C0682649;09/03/2023;99% do DI;107,4466;;104,3677;1,49;1056,53635203;99,67;119,78;;
05/09/2022;SÃO MARTINHO S.A.;VERT COMPANHIA SECURITIZADORA;1ª;15ª;CRA018000M9;15/03/2023;99% do DI;104,3068;100,3401;102,5217;1,05;1055,86140512;99,78;123,75;;
05/09/2022;VLI MULTIMODAL S.A.;RB CAPITAL COMPANHIA DE SECURITIZACAO;14ª;1ª;CRA018003UX;12/09/2023;99,5% do DI;105,0666;100,7075;103,0544;0,45;1054,32229287;99,59;233,24;;
05/09/2022;;VERT COMPANHIA SECURITIZADORA;1ª;21ª;CRA019000GP;15/02/2024;DI + 0,9%;1,1876;0,8626;1,1014;0,16;335,54295829;99,85;192,66;;
05/09/2022;CERRADINHO BIOENERGIA S.A.;CERRADINHO BIOENERGIA S.A.;1ª;25ª;CRA019002MM;16/05/2024;DI + 1%;1,73;1,33;1,5225;0,13;830,03515148;99,56;215,89;;
05/09/2022;COCAL COMÉRCIO E INDÚSTRIA CANAÃ DE AÇÚCAR E ÁLCOOL LTDA;VIRGO COMPANHIA DE SECURITIZACAO;1ª;3ª;CRA019000XD;15/03/2023;DI + 1,5%;;;1,1433;0,04;534,00595462;100,17;122,86;;
05/09/2022;VALE DO TIJUCO AÇÚCAR E ÁLCOOL S.A.;ECO SECURITIZADORA DE DIREITOS CREDITÓRIOS DO AGRONEGÓCIO S.A.;176ª;1ª;CRA018004SC;19/10/2022;DI + 1,8%;2,5566;2,2066;2,2624;0,19;526,91617964;99,95;30;;
05/09/2022;;VIRGO COMPANHIA DE SECURITIZACAO;1ª;51ª;CRA021001KA;21/12/2026;DI + 2,1%;;;1,4555;0,06;1047,2854643;101,45;574,64;;
05/09/2022;PATRIMAR ENGENHARIA S.A.;VIRGO COMPANHIA DE SECURITIZACAO;239ª;4ª;21C0601989;26/03/2025;DI + 2,99%;;;2,1422;0,79;1043,51877477;101,2;364,08;;
05/09/2022;;ECO SECURITIZADORA DE DIREITOS CREDITÓRIOS DO AGRONEGÓCIO S.A.;1ª;7ª;CRA0190020E;15/12/2025;DI + 3%;4,0625;3,0166;3,5138;0,21;668,0916907;99,28;366,22;;
05/09/2022;;VIRGO COMPANHIA DE SECURITIZACAO;2ª;14ª;CRA020001E5;15/05/2026;DI + 5,4%;2,8271;2,5171;2,698;0,16;1134,53198746;107,37;695,48;;
05/09/2022;ORK EMPREENDIMENTOS IMOBILIÁRIOS SPE LTDA ;RB CAPITAL COMPANHIA DE SECURITIZACAO;135ª;1ª;16G0000001;12/07/2023;DI -0,1%;;;1,1333;0,1;459,70262787;99,49;104,12;;
05/09/2022;REDE D?OR SÃO LUIZ S.A.;RB CAPITAL COMPANHIA DE SECURITIZACAO;221ª;1ª;19H0262186;15/08/2029;IPCA + 3,4465%;6,4428;6,0652;6,1427;0,08;1068,17365625;87,11;1343,68;15/08/2028;
05/09/2022;KLABIN S.A.;VERT COMPANHIA SECURITIZADORA;1ª;30ª;CRA019003JY;15/06/2029;IPCA + 3,5%;6,2373;5,8084;6,049;0,13;1088,16837964;88,04;1312,78;15/08/2028;
05/09/2022;RAÍZEN ENERGIA S.A.;APICE SECURITIZADORA S.A.;1ª;6ª;CRA019003V3;16/07/2029;IPCA + 3,602%;6,3123;5,9077;6,0693;0,14;1087,61471195;88,26;1331;15/08/2028;
05/09/2022;M. DIAS BRANCO S.A. INDÚSTRIA E COMÉRCIO DE ALIMENTOS;VIRGO COMPANHIA DE SECURITIZACAO;1ª;25ª;CRA021000MG;15/03/2028;IPCA + 3,7992%;6,0906;5,7808;6,0245;0,16;1054,46635386;90,1;1233,53;15/08/2028;
05/09/2022;RAÍZEN ENERGIA S.A.;RB CAPITAL COMPANHIA DE SECURITIZACAO;2ª;2ª;CRA019000GT;16/03/2026;IPCA + 4,04%;6,208;5,8324;5,9536;0,17;1194,65402671;94,19;826,64;15/08/2026;
05/09/2022;JBS S.A.;RB CAPITAL COMPANHIA DE SECURITIZACAO;1ª;12ª;CRA020003KA;16/11/2027;IPCA + 4,2957%;5,9749;5,7407;5,9587;0,19;1113,28593314;92,94;1162,4;15/08/2028;35%
05/09/2022;IPIRANGA PRODUTOS DE PETRÓLEO S.A.;VERT COMPANHIA SECURITIZADORA;2ª;14ª;CRA017007ES;25/10/2024;IPCA + 4,3358%;6,6508;6,3253;6,3748;0,42;1313,46380692;96,18;506,07;15/08/2024;
05/09/2022;SÃO SALVADOR ALIMENTOS S.A.;VIRGO COMPANHIA DE SECURITIZACAO;1ª;17ª;CRA020003K0;16/11/2026;IPCA + 4,4462%;7,1003;6,7749;6,9396;0,1;1131,79905045;93,35;731,86;15/05/2025;
05/09/2022;COLOMBO AGROINDÚSTRIA S.A.;ECO SECURITIZADORA DE DIREITOS CREDITÓRIOS DO AGRONEGÓCIO S.A.;1ª;82ª;CRA021000MB;15/03/2027;IPCA + 4,4474%;6,4519;6,0877;6,1874;0,09;1090,12296533;94,18;912,19;15/08/2026;
05/09/2022;JBS S.A.;RB CAPITAL COMPANHIA DE SECURITIZACAO;5ª;2ª;CRA019005KC;15/10/2024;IPCA + 4,5%;6,8953;6,4744;6,6557;0,17;1194,79249607;96,01;502,56;15/08/2024;
05/09/2022;MINERVA S.A.;VIRGO COMPANHIA DE SECURITIZACAO;1ª;8ª;CRA01900614;16/12/2024;IPCA + 4,5%;7,2799;6,8709;7,1234;0,08;1185,37102808;94,82;539,65;15/08/2024;
05/09/2022;MARFRIG GLOBALFOODS S.A.;RB CAPITAL COMPANHIA DE SECURITIZACAO;1ª;16ª;CRA021001PQ;15/07/2028;IPCA + 4,5%;6,4725;6,0151;6,1594;0,24;1021,09146866;92,19;1295,59;15/08/2028;
05/09/2022;KLABIN S.A.;VERT COMPANHIA SECURITIZADORA;2ª;26ª;CRA019001E7;15/03/2029;IPCA + 4,5081%;6,1784;5,7867;5,982;0,11;1176,2559825;93,41;1222,08;15/08/2028;
05/09/2022;;RB CAPITAL COMPANHIA DE SECURITIZACAO;2ª;16ª;CRA021001VA;15/07/2031;IPCA + 4,6%;6,7736;6,1123;6,3624;0,3;992,52479259;89,6;1644,21;15/08/2030;
05/09/2022;REDE D'OR SÃO LUIZ S.A.;RB CAPITAL COMPANHIA DE SECURITIZACAO;189ª;1ª;18L1085826;15/12/2025;IPCA + 4,6572%;6,5122;6,0743;6,2271;0,14;1240,76514991;95,62;757,62;15/05/2025;
05/09/2022;JBS S.A.;RB CAPITAL COMPANHIA DE SECURITIZACAO;2ª;12ª;CRA020003KB;18/11/2030;IPCA + 4,7218%;6,1432;5,8269;6,0904;0,09;1108,77671098;92,45;1516,05;15/08/2030;35%
05/09/2022;RAÍZEN ENERGIA S.A;RB CAPITAL COMPANHIA DE SECURITIZACAO;7ª;1ª;CRA017001P6;17/04/2024;IPCA + 4,7258%;6,6333;6,2833;6,411;0,42;1316,78872412;97,55;391,68;15/08/2024;5%
05/09/2022;RAÍZEN ENERGIA S.A.;RB CAPITAL COMPANHIA DE SECURITIZACAO;12ª;1ª;CRA017008SS;16/12/2024;IPCA + 4,7588%;6,7026;6,3731;6,4143;0,17;1306,67841676;96,7;538,35;15/08/2024;
05/09/2022;BRF S.A.;VERT COMPANHIA SECURITIZADORA;ª;60ª;CRA0210013B;15/05/2031;IPCA + 4,7843%;6,4763;6,0493;6,1953;0,14;1032,72697213;91;1764,21;15/08/2030;
05/09/2022;;VERT COMPANHIA SECURITIZADORA;ª;63ª;CRA021002SO;15/09/2028;IPCA + 4,8287%;6,2384;5,7991;5,9835;0,14;1051,85882002;94,5;1296,92;15/08/2028;
05/09/2022;DIRECIONAL ENGENHARIA S.A.;APICE SECURITIZADORA S.A.;371ª;1ª;21D0737500;17/04/2028;IPCA + 4,8444%;6,7215;6,3863;6,6215;0,13;1054,35006208;93,34;1029,14;15/05/2027;
05/09/2022;JBS S.A.;VIRGO COMPANHIA DE SECURITIZACAO;1ª;28ª;CRA021000GT;17/04/2028;IPCA + 4,9072%;5,9888;5,6565;5,9528;0,37;1103,20853933;95,29;1223,01;15/08/2028;
05/09/2022;GJA INDÚSTRIAS S.A;VIRGO COMPANHIA DE SECURITIZACAO;1ª;34ª;CRA0210012Z;15/05/2028;IPCA + 4,9221%;6,5419;6,2192;6,3993;0,24;1059,56180296;93,84;1142,31;15/05/2027;
05/09/2022;TEREOS AÇÚCAR E ENERGIA BRASIL S.A.;VERT COMPANHIA SECURITIZADORA;1ª;52ª;CRA021000MF;16/03/2026;IPCA + 4,9265%;7,0086;6,5914;6,6785;0,21;;96,23;583,12;15/05/2025;
05/09/2022;REDE D'OR SÃO LUIZ S.A.;RB CAPITAL COMPANHIA DE SECURITIZACAO;324ª;1ª;21D0862572;15/05/2036;IPCA + 4,9347%;6,5062;5,952;6,2472;0,12;1016,82853081;89,07;2317,71;15/05/2035;
05/09/2022;NEOMILLE S.A.;VIRGO COMPANHIA DE SECURITIZACAO;1ª;32ª;CRA021000M9;16/03/2026;IPCA + 5,0097%;;6,2354;6,6995;0,23;1118,05385393;95,04;802,06;15/08/2026;
05/09/2022;SÃO MARTINHO S.A.;VERT COMPANHIA SECURITIZADORA;2ª;5ª;CRA017001JM;19/04/2023;IPCA + 5,0894%;8,0409;;7,9473;0,38;1331,96716758;98,36;155;15/05/2023;
05/09/2022;JBS S.A.;VIRGO COMPANHIA DE SECURITIZACAO;2ª;28ª;CRA021000GU;15/04/2031;IPCA + 5,1323%;;5,8462;5,9947;0,08;1101,24091038;95,04;1563,11;15/08/2030;
05/09/2022;SENDAS DISTRIBUIDORA S.A.;APICE SECURITIZADORA S.A.;428ª;1ª;21H1078699;16/10/2028;IPCA + 5,1531%;6,4653;5,9693;6,111;0,19;1042,42302352;95,4;1306,43;15/08/2028;
05/09/2022;;VIRGO COMPANHIA DE SECURITIZACAO;2ª;34ª;CRA02100130;15/05/2031;IPCA + 5,2476%;6,8908;6,5496;6,7922;0,27;1031,6859104;91,28;1566,72;15/08/2030;
05/09/2022;SENDAS DISTRIBUIDORA S.A.;APICE SECURITIZADORA S.A.;429ª;1ª;21H1078700;15/10/2031;IPCA + 5,2662%;6,6179;6,0784;6,3273;0,08;1023,9694958;93,67;1635;15/08/2030;
05/09/2022;COPERSUCAR S.A.;VIRGO COMPANHIA DE SECURITIZACAO;1ª;37ª;CRA021000SC;15/05/2028;IPCA + 5,2893%;6,5399;6,1701;6,4072;0,13;;95,74;1034,94;15/05/2027;35%
05/09/2022;MINERVA S.A.;VIRGO COMPANHIA DE SECURITIZACAO;1ª;15ª;CRA020001UR;16/06/2025;IPCA + 5,3%;7,2966;6,8524;7,0323;0,15;1176,54308768;96,58;535,92;15/08/2024;
05/09/2022;BRF S.A.;VERT COMPANHIA SECURITIZADORA;1ª;46ª;CRA020002GZ;15/07/2027;IPCA + 5,3%;6,5468;6,1063;6,1813;0,3;1167,21167498;96,48;1082,66;15/05/2027;
05/09/2022;;VIRGO COMPANHIA DE SECURITIZACAO;1ª;43ª;CRA021002NF;15/09/2031;IPCA + 5,3995%;6,3862;6,1121;6,2431;0,14;1095,50170484;95,07;1591,32;15/08/2030;35%
05/09/2022;RAÍZEN ENERGIA S.A.;APICE SECURITIZADORA S.A.;1ª;10ª;CRA020001P7;15/06/2027;IPCA + 5,4%;6,2181;5,8627;6,0281;0,13;1188,74492487;97,53;1059,45;15/05/2027;
05/09/2022;MINERVA S.A;VIRGO COMPANHIA DE SECURITIZACAO;1ª;39ª;CRA021000RX;17/04/2028;IPCA + 5,5034%;6,5047;6,019;6,2858;0,05;1110,91287645;96,52;1204,8;15/08/2028;
05/09/2022;LOG COMMERCIAL PROPERTIES E PARTICIPAÇÕES;VIRGO COMPANHIA DE SECURITIZACAO;362ª;4ª;21I0278118;15/09/2028;IPCA + 5,5212%;6,6152;6,4409;6,4858;0,18;1087,74104387;96,49;985,53;15/05/2027;
05/09/2022;;RB CAPITAL COMPANHIA DE SECURITIZACAO;396ª;1ª;21K0001806;15/12/2031;IPCA + 5,5758%;6,34;6,0384;6,2081;0,13;1028,30333653;96,12;1665,09;15/08/2030;
05/09/2022;MINERVA S.A.;VIRGO COMPANHIA DE SECURITIZACAO;39ª;2ª;CRA021000RY;15/04/2031;IPCA + 5,578%;6,4927;6,0659;6,3254;0,12;1102,51892318;95,77;1539,81;15/08/2030;
05/09/2022;;CIBRASEC-COMPANHIA BRASILEIRA DE SECURITIZACAO;11ª;1ª;CRA018002XN;15/07/2025;IPCA + 5,5914%;6,6286;6,1793;6,4095;0,25;1251,71142912;97,95;676,62;15/05/2025;
05/09/2022;BRF S.A.;VERT COMPANHIA SECURITIZADORA;2ª;46ª;CRA020002H1;15/07/2030;IPCA + 5,6%;6,6397;6,0889;6,3514;0,09;1162,29901623;96,03;1434,93;15/08/2028;
05/09/2022;VAMOS LOCAÇÃO DE CAMINHÕES, MÁQUINAS E EQUIPAMENTOS S.A.;ECO SECURITIZADORA DE DIREITOS CREDITÓRIOS DO AGRONEGÓCIO S.A.;1ª;54ª;CRA020001US;15/06/2027;IPCA + 5,7%;6,5192;6,3405;6,4044;0,1;1192,4195331;97,78;850,41;15/08/2026;
05/09/2022;VAMOS LOCAÇÃO DE CAMINHÕES, MÁQUINAS E EQUIPAMENTOS S.A.;ECO SECURITIZADORA DE DIREITOS CREDITÓRIOS DO AGRONEGÓCIO S.A.;1ª;81ª;CRA020003PY;18/11/2030;IPCA + 5,7315%;6,6259;6,4045;6,4454;0,19;1146,9740753;96,13;1472,73;15/08/2030;
05/09/2022;MINERVA S.A.;VIRGO COMPANHIA DE SECURITIZACAO;1ª;14ª;CRA020001E4;15/05/2025;IPCA + 5,75%;7,2565;6,7959;6,9297;0,13;1196,10697325;97,77;511,85;15/08/2024;
05/09/2022;Ultra Som Serviços Médicos S.A.;VIRGO COMPANHIA DE SECURITIZACAO;378ª;4ª;21K0001812;15/12/2031;IPCA + 5,7505%;6,5305;6,1266;6,2938;0,12;1027,9922519;96,52;1735,17;15/08/2030;5%
05/09/2022;RAÍZEN ENERGIA S.A.;APICE SECURITIZADORA S.A.;2ª;10ª;CRA020001P8;17/06/2030;IPCA + 5,8%;6,3493;5,9393;6,1268;0,17;1198,99131754;98,29;1410,17;15/08/2028;
05/09/2022;;VERT COMPANHIA SECURITIZADORA;2ª;18ª;CRA018004SD;15/10/2024;IPCA + 5,8069%;7,4475;6,9564;7,1948;0,16;1294,98019901;98,07;375,74;15/08/2024;
05/09/2022;BRF S.A.;VERT COMPANHIA SECURITIZADORA;2ª;1ª;CRA01600021;18/12/2023;IPCA + 5,897%;;6,3805;6,4463;0,06;1355,23700364;99,34;321;15/08/2024;
05/09/2022;FIBRIA CELULOSE S.A.;ECO SECURITIZADORA DE DIREITOS CREDITÓRIOS DO AGRONEGÓCIO S.A.;81ª;1ª;CRA0160000X;23/06/2023;IPCA + 5,9844%;7,646;6,7065;7,3119;0,89;1326,85350096;99,02;199;15/05/2023;
05/09/2022;FIBRIA CELULOSE S.A.;ECO SECURITIZADORA DE DIREITOS CREDITÓRIOS DO AGRONEGÓCIO S.A.;89ª;1ª;CRA0160001G;15/08/2023;IPCA + 5,9844%;7,167;6,4436;6,9875;0,87;1355,21216973;99,12;236;15/05/2023;
05/09/2022;Rede D'Or São Luiz S.A.;RB CAPITAL COMPANHIA DE SECURITIZACAO;184ª;1ª;18G0687521;15/07/2025;IPCA + 6,0563%;6,4969;6,1554;6,3399;0,19;1269,9595453;99,3;663,63;15/05/2025;
05/09/2022;;RB CAPITAL COMPANHIA DE SECURITIZACAO;;;21K0001807;15/12/2036;IPCA + 6,1017%;6,6688;6,2824;6,4379;0,05;1040,47688326;97,15;2296,04;15/05/2035;
05/09/2022;FIBRIA CELULOSE S.A.;ECO SECURITIZADORA DE DIREITOS CREDITÓRIOS DO AGRONEGÓCIO S.A.;94ª;1ª;CRA01600029;15/12/2023;IPCA + 6,1346%;7,3061;6,948;6,9569;0,86;1392,33097227;99,07;305,39;15/05/2023;35%
05/09/2022;JBS S.A;VIRGO COMPANHIA DE SECURITIZACAO;2ª;59ª;CRA0210039L;15/12/2036;IPCA + 6,1977%;6,4996;6,1702;6,4138;0,3;;98,17;2290,24;15/05/2035;
05/09/2022;Tenda Atacado S.A;VIRGO COMPANHIA DE SECURITIZACAO;306ª;4ª;21J0001208;15/10/2026;IPCA + 6,4803%;6,8377;6,6293;6,6421;0,36;;99,58;699,66;15/05/2025;
05/09/2022;Tenda Atacado S.A.;VIRGO COMPANHIA DE SECURITIZACAO;307ª;4ª;21J0001207;15/10/2028;IPCA + 6,9809%;6,5719;6,0961;6,4005;0,08;;101,93;885,18;15/08/2026;
05/09/2022;;APICE SECURITIZADORA S.A.;1ª;16ª;CRA021002N3;15/10/2026;IPCA + 6,9849%;7,0235;6,7066;6,8137;0,26;1095,00619581;100,57;894,75;15/08/2026;
02/09/2022;CYRELA BRAZIL REALTY S.A. EMPREENDIMENTOS E PARTICIPAÇÕES;RB CAPITAL COMPANHIA DE SECURITIZACAO;212ª;1ª;19G0000001;17/07/2024;100% do DI;105,6209;101,4042;103,7219;1,4;1011,91841831;99,53;261,65;;
02/09/2022;PETROBRAS DISTRIBUIDORA;CIBRASEC-COMPANHIA BRASILEIRA DE SECURITIZACAO;10ª;1ª;CRA018002XM;15/07/2024;100% do DI;104,1956;101,0297;103,2921;1,46;1011,17943282;99,36;421,86;;
02/09/2022;RAÍZEN ENERGIA S.A.;APICE SECURITIZADORA S.A.;1ª;6ª;CRA019003V2;16/07/2029;100% do DI;107,506;102,9227;105,116;1,73;993,2252953;97,6;1083,91;;
02/09/2022;MRV ENGENHARIA E PARTICIPAÇÕES S.A.;VERT COMPANHIA SECURITIZADORA;1ª;7ª;19E0967202;28/05/2024;100,4% do DI;107,086;102,875;104,9198;0,78;1025,7905407;99,19;388,42;;
02/09/2022;ALIANSCE SHOPPING CENTERS S.A.;RB CAPITAL COMPANHIA DE SECURITIZACAO;156ª;1ª;17J0000001;05/04/2023;101% do DI;105,1125;98,8525;102,6713;1,54;1050,05693358;99,88;139,56;;
02/09/2022;BR PROPERTIES S.A.;APICE SECURITIZADORA S.A.;169ª;1ª;18K0000201;20/11/2023;101% do DI;106,64;100,64;103,8602;1,02;1035,83538672;99,77;164,85;;
02/09/2022;CAMIL ALIMENTOS S.A.;ECO SECURITIZADORA DE DIREITOS CREDITÓRIOS DO AGRONEGÓCIO S.A.;2ª;5ª;CRA01900133;16/04/2025;101% do DI;105,5197;101,3197;103,5715;1,25;1041,27382541;99,38;555,07;;
02/09/2022;KLABIN S.A.;APICE SECURITIZADORA S.A.;23ª;1ª;CRA0180040H;21/01/2025;102% do DI;107,1174;101,6369;104,0427;0,61;1012,1690011;99,52;526,71;;
02/09/2022;TEREOS AÇÚCAR E ENERGIA BRASIL S.A.;VERT COMPANHIA SECURITIZADORA;1ª;18ª;CRA018004MT;17/10/2022;103% do DI;110,718;105,258;107,6511;2,33;524,15581239;99,93;29;;
02/09/2022;DIRECIONAL ENGENHARIA S.A.;APICE SECURITIZADORA S.A.;193ª;1ª;19G0269138;04/07/2025;104% do DI;110,82;103,65;106,1122;1,25;1019,03304594;99,66;354,12;;
02/09/2022;MARFRIG GLOBAL FOODS S.A.;RB CAPITAL COMPANHIA DE SECURITIZACAO;1ª;4ª;CRA019004SH;15/09/2023;104% do DI;105,9625;101,0875;102,8237;1,03;1060,86646759;100,07;122,18;;
02/09/2022;JBS S.A.;RB CAPITAL COMPANHIA DE SECURITIZACAO;1ª;5ª;CRA019005K9;16/10/2023;115% do DI;104,0133;98,885;102,2368;1,55;1064,4372024;100,9;142,31;;
02/09/2022;MULTIPLAN EMPREENDIMENTOS IMOBILIÁRIOS S.A. ;CIBRASEC-COMPANHIA BRASILEIRA DE SECURITIZACAO;272ª;2ª;16L0074884;15/12/2022;95% do DI;106,5073;100,8216;102,7606;0,93;1023,85714364;99,72;70;;
02/09/2022;MULTIPLAN EMPREENDIMENTOS IMOBILIÁRIOS S.A. ;CIBRASEC-COMPANHIA BRASILEIRA DE SECURITIZACAO;288ª;2ª;17F0023368;14/06/2023;95% do DI;103,9582;101,5019;102,6538;1,35;1019,77395389;99,28;185,72;;
02/09/2022;IPIRANGA PRODUTOS DE PETRÓLEO S.A.;VERT COMPANHIA SECURITIZADORA;1ª;14ª;CRA017007ER;25/10/2022;95% do DI;104,704;100,53;102,1818;0,17;1042,28167975;99,87;35;;
02/09/2022;REDE D'OR SÃO LUIZ S.A. ;RB CAPITAL COMPANHIA DE SECURITIZACAO;208ª;1ª;19B0268307;15/02/2023;95,75% do DI;102,7173;100,3423;101,8336;0,97;1003,27434663;99,65;114;;
02/09/2022;IGUATEMI EMPRESA DE SHOPPING CENTERS S.A. ;RB CAPITAL COMPANHIA DE SECURITIZACAO;159ª;1ª;17I0000201;18/09/2024;96% do DI;107,782;;105,0027;3,37;1039,79575381;98,57;341,38;;
02/09/2022;RAÍZEN ENERGIA S.A;RB CAPITAL COMPANHIA DE SECURITIZACAO;6ª;1ª;CRA017001P5;19/04/2023;96% do DI;104,1322;100,3822;101,9706;1,03;1040,03223665;99,55;148,82;;
02/09/2022;NORSA REFRIGERANTES S.A.;RB CAPITAL COMPANHIA DE SECURITIZACAO;8ª;1ª;CRA017006HF;03/10/2022;96% do DI;106,0033;99,5;102,2975;0,59;1049,79363466;99,94;20;;
02/09/2022;RAÍZEN ENERGIA S.A.;RB CAPITAL COMPANHIA DE SECURITIZACAO;1ª;2ª;CRA019000GS;17/03/2025;96% do DI;106,5703;101,332;103,474;0,86;1037,29216663;98,25;536,67;;
02/09/2022;REDE D'OR SÃO LUIZ S.A.;RB CAPITAL COMPANHIA DE SECURITIZACAO;188ª;1ª;18L1085825;15/12/2023;96,5% do DI;104,0966;100,3026;101,9706;1,17;1019,1213617;99,21;298,97;;
02/09/2022;SOCIEDADE BENEFICIENTE ISRAELITA BRASILEIRA HOSPITAL ALBERT EINSTEN;APICE SECURITIZADORA S.A.;103ª;1ª;18H0014828;15/08/2025;97% do DI;106,373;102,1063;103,8251;1,72;745,77387008;98,8;385,84;;
02/09/2022;FIBRIA CELULOSE S.A. ;RB CAPITAL COMPANHIA DE SECURITIZACAO;9ª;1ª;CRA017006HH;23/09/2022;97% do DI;103,8843;99,7693;102,1246;0,34;1053,44420861;99,96;14;;
02/09/2022;RAÍZEN COMBUSTÍVEIS;RB CAPITAL COMPANHIA DE SECURITIZACAO;11ª;1ª;CRA017008SR;15/12/2023;97% do DI;104,6991;100,2824;102,4882;0,99;1019,16673813;99,21;298,88;;
02/09/2022;BR MALLS PARTICIPAÇÕES S.A.;APICE SECURITIZADORA S.A.;105ª;1ª;17I0904388;03/10/2023;97,5% do DI;105,32;100,4166;103,3266;1,41;698,24070723;99,61;134,18;;
02/09/2022;IGUATEMI EMPRE DE SHOPPING CENTERS S.A.;APICE SECURITIZADORA S.A.;138ª;1ª;18F0744615;15/06/2023;97,5% do DI;105,156;100,06;103,138;1,44;1021,90527577;99,47;186,55;;
02/09/2022;KLABIN;ECO SECURITIZADORA DE DIREITOS CREDITÓRIOS DO AGRONEGÓCIO S.A.;135ª;1ª;CRA017009KJ;20/12/2023;97,5% do DI;106,0831;99,9538;102,3635;0,87;1019,2618506;99,3;301,66;;
02/09/2022;IPIRANGA PRODUTOS DE PETRÓLEO S.A.;VERT COMPANHIA SECURITIZADORA;1ª;20ª;CRA01800590;18/12/2023;97,5% do DI;104,6363;100,218;102,9515;0,7;1018,90521487;99,21;299,76;;
02/09/2022;DURATEX S.A.;OURINVEST SECURITIZADORA S.A.;5ª;2ª;CRA0160002L;22/12/2022;98% do DI;104,4602;100,0102;102,8687;1,89;1023,76138015;99,81;75;;
02/09/2022;CAMIL ALIMENTOS S.A.;ECO SECURITIZADORA DE DIREITOS CREDITÓRIOS DO AGRONEGÓCIO S.A.;1ª;5ª;CRA01900132;18/04/2023;98% do DI;104,2543;100,1543;102,3721;1,18;1042,93520854;99,67;147,67;;
02/09/2022;KLABIN S.A;VERT COMPANHIA SECURITIZADORA;1ª;26ª;CRA019001E6;16/03/2026;98% do DI;106,4666;100,9825;104,5038;1,85;1036,07396887;98;710,7;;
02/09/2022;RAIA DROGASIL S.A.;VERT COMPANHIA SECURITIZADORA;1ª;4ª;19C0000001;13/03/2026;98,5% do DI;;102,9325;108,3151;5,15;1030,06445419;97,37;619,62;;
02/09/2022;SÃO MARTINHO S.A.;VERT COMPANHIA SECURITIZADORA;1ª;24ª;CRA019000RT;15/04/2026;98,5% do DI;105,8039;102,0256;104,126;1,17;1030,14365559;98,38;664,38;;5%
02/09/2022;REDE D?OR SÃO LUIZ S.A.;RB CAPITAL COMPANHIA DE SECURITIZACAO;157ª;1ª;18C0682649;09/03/2023;99% do DI;107,6132;;104,5698;1,58;1055,84523407;99,66;120,78;;
02/09/2022;SÃO MARTINHO S.A.;VERT COMPANHIA SECURITIZADORA;1ª;15ª;CRA018000M9;15/03/2023;99% do DI;104,5055;100,5388;102,531;0,78;1055,30365669;99,78;124,75;;
02/09/2022;VLI MULTIMODAL S.A.;RB CAPITAL COMPANHIA DE SECURITIZACAO;14ª;1ª;CRA018003UX;12/09/2023;99,5% do DI;105,0333;100,745;103,0516;0,45;1053,82372689;99,59;234,24;;
02/09/2022;;VERT COMPANHIA SECURITIZADORA;1ª;21ª;CRA019000GP;15/02/2024;DI + 0,9%;1,1977;0,8727;1,1507;0,17;335,23252651;99,81;193,65;;
02/09/2022;CERRADINHO BIOENERGIA S.A.;CERRADINHO BIOENERGIA S.A.;1ª;25ª;CRA019002MM;16/05/2024;DI + 1%;1,73;1,33;1,5225;0,13;829,56492724;99,56;216,86;;
02/09/2022;COCAL COMÉRCIO E INDÚSTRIA CANAÃ DE AÇÚCAR E ÁLCOOL LTDA;VIRGO COMPANHIA DE SECURITIZACAO;1ª;3ª;CRA019000XD;15/03/2023;DI + 1,5%;;;1,1433;0,04;533,7102445;100,17;123,86;;
02/09/2022;VALE DO TIJUCO AÇÚCAR E ÁLCOOL S.A.;ECO SECURITIZADORA DE DIREITOS CREDITÓRIOS DO AGRONEGÓCIO S.A.;176ª;1ª;CRA018004SC;19/10/2022;DI + 1,8%;2,5833;2,2333;2,2677;0,2;526,59914905;99,94;31;;
02/09/2022;;VIRGO COMPANHIA DE SECURITIZACAO;1ª;51ª;CRA021001KA;21/12/2026;DI + 2,1%;;;1,4555;0,06;1046,69014616;101,45;575,5;;
02/09/2022;PATRIMAR ENGENHARIA S.A.;VIRGO COMPANHIA DE SECURITIZACAO;239ª;4ª;21C0601989;26/03/2025;DI + 2,99%;;;2,0;0,13;1045,00583545;101,41;365,2;;
02/09/2022;;ECO SECURITIZADORA DE DIREITOS CREDITÓRIOS DO AGRONEGÓCIO S.A.;1ª;7ª;CRA0190020E;15/12/2025;DI + 3%;4,0625;2,9625;3,5138;0,21;667,66112681;99,28;367,19;;
02/09/2022;;VIRGO COMPANHIA DE SECURITIZACAO;2ª;14ª;CRA020001E5;15/05/2026;DI + 5,4%;2,8283;2,5183;2,7059;0,16;1133,57340505;107,36;696,26;;
02/09/2022;ORK EMPREENDIMENTOS IMOBILIÁRIOS SPE LTDA ;RB CAPITAL COMPANHIA DE SECURITIZACAO;135ª;1ª;16G0000001;12/07/2023;DI -0,1%;;;1,1333;0,1;459,44864644;99,49;105,12;;
02/09/2022;REDE D?OR SÃO LUIZ S.A.;RB CAPITAL COMPANHIA DE SECURITIZACAO;221ª;1ª;19H0262186;15/08/2029;IPCA + 3,4465%;6,3411;6,0709;6,1261;0,08;1068,97326638;87,18;1344,77;15/08/2028;
02/09/2022;KLABIN S.A.;VERT COMPANHIA SECURITIZADORA;1ª;30ª;CRA019003JY;15/06/2029;IPCA + 3,5%;6,2098;5,8116;6,019;0,13;1089,68448263;88,16;1313,93;15/08/2028;
02/09/2022;RAÍZEN ENERGIA S.A.;APICE SECURITIZADORA S.A.;1ª;6ª;CRA019003V3;16/07/2029;IPCA + 3,602%;6,2877;5,846;6,0335;0,17;1089,4661783;88,41;1332,19;15/08/2028;
02/09/2022;M. DIAS BRANCO S.A. INDÚSTRIA E COMÉRCIO DE ALIMENTOS;VIRGO COMPANHIA DE SECURITIZACAO;1ª;25ª;CRA021000MG;15/03/2028;IPCA + 3,7992%;6,0736;5,7611;6,0069;0,16;1055,4066293;90,16;1234,61;15/08/2028;
02/09/2022;RAÍZEN ENERGIA S.A.;RB CAPITAL COMPANHIA DE SECURITIZACAO;2ª;2ª;CRA019000GT;16/03/2026;IPCA + 4,04%;6,1795;5,7941;5,9451;0,2;1194,87416056;94,21;827,66;15/08/2026;
02/09/2022;JBS S.A.;RB CAPITAL COMPANHIA DE SECURITIZACAO;1ª;12ª;CRA020003KA;16/11/2027;IPCA + 4,2957%;5,9557;5,7168;5,9286;0,19;1114,83691473;93,06;1163,52;15/08/2028;
02/09/2022;IPIRANGA PRODUTOS DE PETRÓLEO S.A.;VERT COMPANHIA SECURITIZADORA;2ª;14ª;CRA017007ES;25/10/2024;IPCA + 4,3358%;6,6149;6,0675;6,3152;0,43;1314,83040376;96,29;507,1;15/08/2024;
02/09/2022;SÃO SALVADOR ALIMENTOS S.A.;VIRGO COMPANHIA DE SECURITIZACAO;1ª;17ª;CRA020003K0;16/11/2026;IPCA + 4,4462%;7,0349;6,7056;6,889;0,11;1133,22656446;93,47;732,99;15/05/2025;
02/09/2022;COLOMBO AGROINDÚSTRIA S.A.;ECO SECURITIZADORA DE DIREITOS CREDITÓRIOS DO AGRONEGÓCIO S.A.;1ª;82ª;CRA021000MB;15/03/2027;IPCA + 4,4474%;6,3825;5,9673;6,1559;0,06;1091,19965546;94,28;913,28;15/08/2026;
02/09/2022;JBS S.A.;RB CAPITAL COMPANHIA DE SECURITIZACAO;5ª;2ª;CRA019005KC;15/10/2024;IPCA + 4,5%;6,7227;6,3681;6,561;0,2;1196,78903626;96,17;503,59;15/08/2024;
02/09/2022;MINERVA S.A.;VIRGO COMPANHIA DE SECURITIZACAO;1ª;8ª;CRA01900614;16/12/2024;IPCA + 4,5%;7,2472;6,8182;7,0864;0,04;1186,10424052;94,88;540,67;15/08/2024;
02/09/2022;MARFRIG GLOBALFOODS S.A.;RB CAPITAL COMPANHIA DE SECURITIZACAO;1ª;16ª;CRA021001PQ;15/07/2028;IPCA + 4,5%;6,4338;5,9266;6,1376;0,23;1022,0821989;92,29;1296,71;15/08/2028;
02/09/2022;KLABIN S.A.;VERT COMPANHIA SECURITIZADORA;2ª;26ª;CRA019001E7;15/03/2029;IPCA + 4,5081%;6,1831;5,7458;5,9516;0,13;1177,80044467;93,54;1223,26;15/08/2028;
02/09/2022;;RB CAPITAL COMPANHIA DE SECURITIZACAO;2ª;16ª;CRA021001VA;15/07/2031;IPCA + 4,6%;6,6502;5,9699;6,3225;0,29;994,86536524;89,82;1645,74;15/08/2030;
02/09/2022;REDE D'OR SÃO LUIZ S.A.;RB CAPITAL COMPANHIA DE SECURITIZACAO;189ª;1ª;18L1085826;15/12/2025;IPCA + 4,6572%;6,4619;5,9994;6,146;0,12;1243,51010955;95,83;758,72;15/05/2025;
02/09/2022;JBS S.A.;RB CAPITAL COMPANHIA DE SECURITIZACAO;2ª;12ª;CRA020003KB;18/11/2030;IPCA + 4,7218%;6,1156;5,7908;5,9569;0,08;1117,30199944;93,15;1518,58;15/08/2030;
02/09/2022;RAÍZEN ENERGIA S.A;RB CAPITAL COMPANHIA DE SECURITIZACAO;7ª;1ª;CRA017001P6;17/04/2024;IPCA + 4,7258%;6,5903;6,0629;6,3545;0,43;1317,7519997;97,62;392,69;15/08/2024;10%
02/09/2022;RAÍZEN ENERGIA S.A.;RB CAPITAL COMPANHIA DE SECURITIZACAO;12ª;1ª;CRA017008SS;16/12/2024;IPCA + 4,7588%;6,553;;6,3581;0,21;1308,03047886;96,81;539,38;15/08/2024;
02/09/2022;BRF S.A.;VERT COMPANHIA SECURITIZADORA;ª;60ª;CRA0210013B;15/05/2031;IPCA + 4,7843%;6,4281;5,9935;6,1875;0,12;1033,16727141;91,04;1765,34;15/08/2030;
02/09/2022;;VERT COMPANHIA SECURITIZADORA;ª;63ª;CRA021002SO;15/09/2028;IPCA + 4,8287%;6,2282;5,6998;5,9736;0,14;1052,28048081;94,54;1297,99;15/08/2028;
02/09/2022;DIRECIONAL ENGENHARIA S.A.;APICE SECURITIZADORA S.A.;371ª;1ª;21D0737500;17/04/2028;IPCA + 4,8444%;6,678;6,4499;6,588;0,04;1055,59546619;93,46;1030,29;15/05/2027;
02/09/2022;JBS S.A.;VIRGO COMPANHIA DE SECURITIZACAO;1ª;28ª;CRA021000GT;17/04/2028;IPCA + 4,9072%;5,9697;5,7739;5,9272;0,19;1104,59335111;95,4;1224,15;15/08/2028;
02/09/2022;GJA INDÚSTRIAS S.A;VIRGO COMPANHIA DE SECURITIZACAO;1ª;34ª;CRA0210012Z;15/05/2028;IPCA + 4,9221%;6,5178;6,1953;6,3411;0,25;1062,09375495;94,07;1143,59;15/05/2027;
02/09/2022;TEREOS AÇÚCAR E ENERGIA BRASIL S.A.;VERT COMPANHIA SECURITIZADORA;1ª;52ª;CRA021000MF;16/03/2026;IPCA + 4,9265%;6,896;6,4891;6,6069;0,19;;96,37;584,27;15/05/2025;
02/09/2022;REDE D'OR SÃO LUIZ S.A.;RB CAPITAL COMPANHIA DE SECURITIZACAO;324ª;1ª;21D0862572;15/05/2036;IPCA + 4,9347%;6,4641;5,8978;6,2233;0,06;1018,84413619;89,25;2319,8;15/05/2035;
02/09/2022;NEOMILLE S.A.;VIRGO COMPANHIA DE SECURITIZACAO;1ª;32ª;CRA021000M9;16/03/2026;IPCA + 5,0097%;;6,4635;6,6591;0,23;1119,46315766;95,15;803,13;15/08/2026;
02/09/2022;SÃO MARTINHO S.A.;VERT COMPANHIA SECURITIZADORA;2ª;5ª;CRA017001JM;19/04/2023;IPCA + 5,0894%;;;7,9855;0,15;1331,49144516;98,33;156;15/05/2023;
02/09/2022;JBS S.A.;VIRGO COMPANHIA DE SECURITIZACAO;2ª;28ª;CRA021000GU;15/04/2031;IPCA + 5,1323%;;5,7998;6,0393;0,04;1098,45666496;94,79;1563,49;15/08/2030;
02/09/2022;SENDAS DISTRIBUIDORA S.A.;APICE SECURITIZADORA S.A.;428ª;1ª;21H1078699;16/10/2028;IPCA + 5,1531%;6,4288;5,9278;6,0653;0,12;1044,66675447;95,61;1307,76;15/08/2028;
02/09/2022;;VIRGO COMPANHIA DE SECURITIZACAO;2ª;34ª;CRA02100130;15/05/2031;IPCA + 5,2476%;6,8779;6,5414;6,7757;0,27;1032,56406017;91,37;1567,96;15/08/2030;
02/09/2022;SENDAS DISTRIBUIDORA S.A.;APICE SECURITIZADORA S.A.;429ª;1ª;21H1078700;15/10/2031;IPCA + 5,2662%;6,5926;6,0492;6,3154;0,08;1024,61834061;93,73;1636,19;15/08/2030;
02/09/2022;COPERSUCAR S.A.;VIRGO COMPANHIA DE SECURITIZACAO;1ª;37ª;CRA021000SC;15/05/2028;IPCA + 5,2893%;6,4283;6,138;6,254;0,09;;96,31;1036,65;15/05/2027;
02/09/2022;MINERVA S.A.;VIRGO COMPANHIA DE SECURITIZACAO;1ª;15ª;CRA020001UR;16/06/2025;IPCA + 5,3%;7,2534;6,783;6,9803;0,1;1177,62129854;96,68;536,97;15/08/2024;
02/09/2022;BRF S.A.;VERT COMPANHIA SECURITIZADORA;1ª;46ª;CRA020002GZ;15/07/2027;IPCA + 5,3%;6,4969;6,0933;6,142;0,29;1168,96876137;96,63;1083,79;15/05/2027;
02/09/2022;;VIRGO COMPANHIA DE SECURITIZACAO;1ª;43ª;CRA021002NF;15/09/2031;IPCA + 5,3995%;6,4662;6,0734;6,2058;0,06;1098,01223911;95,28;1592,96;15/08/2030;
02/09/2022;RAÍZEN ENERGIA S.A.;APICE SECURITIZADORA S.A.;1ª;10ª;CRA020001P7;15/06/2027;IPCA + 5,4%;6,1493;5,7518;5,9829;0,15;1190,78229378;97,7;1060,61;15/05/2027;
02/09/2022;MINERVA S.A;VIRGO COMPANHIA DE SECURITIZACAO;1ª;39ª;CRA021000RX;17/04/2028;IPCA + 5,5034%;6,4602;5,9853;6,3214;0,14;1109,03264564;96,37;1205,58;15/08/2028;
02/09/2022;LOG COMMERCIAL PROPERTIES E PARTICIPAÇÕES;VIRGO COMPANHIA DE SECURITIZACAO;362ª;4ª;21I0278118;15/09/2028;IPCA + 5,5212%;6,5827;6,3661;6,4416;0,18;1089,57682174;96,65;986,79;15/05/2027;
02/09/2022;;RB CAPITAL COMPANHIA DE SECURITIZACAO;396ª;1ª;21K0001806;15/12/2031;IPCA + 5,5758%;6,3321;5,9275;6,194;0,24;1029,11507809;96,2;1666,33;15/08/2030;
02/09/2022;MINERVA S.A.;VIRGO COMPANHIA DE SECURITIZACAO;39ª;2ª;CRA021000RY;15/04/2031;IPCA + 5,578%;6,4618;6,0419;6,3326;0,19;1101,95991547;95,72;1540,7;15/08/2030;
02/09/2022;;CIBRASEC-COMPANHIA BRASILEIRA DE SECURITIZACAO;11ª;1ª;CRA018002XN;15/07/2025;IPCA + 5,5914%;6,5743;6,1283;6,3538;0,26;1253,35432638;98,08;677,65;15/05/2025;
02/09/2022;BRF S.A.;VERT COMPANHIA SECURITIZADORA;2ª;46ª;CRA020002H1;15/07/2030;IPCA + 5,6%;6,5826;6,0467;6,3276;0,14;1163,67285616;96,15;1436,17;15/08/2028;
02/09/2022;VAMOS LOCAÇÃO DE CAMINHÕES, MÁQUINAS E EQUIPAMENTOS S.A.;ECO SECURITIZADORA DE DIREITOS CREDITÓRIOS DO AGRONEGÓCIO S.A.;1ª;54ª;CRA020001US;15/06/2027;IPCA + 5,7%;6,4713;6,305;6,374;0,07;1193,4566504;97,87;851,5;15/08/2026;
02/09/2022;VAMOS LOCAÇÃO DE CAMINHÕES, MÁQUINAS E EQUIPAMENTOS S.A.;ECO SECURITIZADORA DE DIREITOS CREDITÓRIOS DO AGRONEGÓCIO S.A.;1ª;81ª;CRA020003PY;18/11/2030;IPCA + 5,7315%;6,4947;6,3231;6,4055;0,12;1149,37983787;96,34;1474,23;15/08/2030;
02/09/2022;MINERVA S.A.;VIRGO COMPANHIA DE SECURITIZACAO;1ª;14ª;CRA020001E4;15/05/2025;IPCA + 5,75%;7,2326;6,7202;6,8766;0,13;1197,1783144;97,86;512,9;15/08/2024;
02/09/2022;Ultra Som Serviços Médicos S.A.;VIRGO COMPANHIA DE SECURITIZACAO;378ª;4ª;21K0001812;15/12/2031;IPCA + 5,7505%;6,4312;6,0695;6,2639;0,08;1029,89231723;96,71;1736,73;15/08/2030;15%
02/09/2022;RAÍZEN ENERGIA S.A.;APICE SECURITIZADORA S.A.;2ª;10ª;CRA020001P8;17/06/2030;IPCA + 5,8%;6,2611;5,8438;6,1157;0,19;1199,59099917;98,34;1411,29;15/08/2028;
02/09/2022;;VERT COMPANHIA SECURITIZADORA;2ª;18ª;CRA018004SD;15/10/2024;IPCA + 5,8069%;7,3504;6,8321;7,1203;0,18;1296,1643597;98,17;376,8;15/08/2024;
02/09/2022;BRF S.A.;VERT COMPANHIA SECURITIZADORA;2ª;1ª;CRA01600021;18/12/2023;IPCA + 5,897%;;6,3094;6,3656;0,24;1356,41852187;99,44;322;15/08/2024;
02/09/2022;FIBRIA CELULOSE S.A.;ECO SECURITIZADORA DE DIREITOS CREDITÓRIOS DO AGRONEGÓCIO S.A.;81ª;1ª;CRA0160000X;23/06/2023;IPCA + 5,9844%;7,7276;6,7749;7,3834;0,87;1325,98017632;98,96;200;15/05/2023;
02/09/2022;FIBRIA CELULOSE S.A.;ECO SECURITIZADORA DE DIREITOS CREDITÓRIOS DO AGRONEGÓCIO S.A.;89ª;1ª;CRA0160001G;15/08/2023;IPCA + 5,9844%;7,2985;6,681;7,0952;0,9;1353,77094083;99,02;237;15/05/2023;
02/09/2022;Rede D'Or São Luiz S.A.;RB CAPITAL COMPANHIA DE SECURITIZACAO;184ª;1ª;18G0687521;15/07/2025;IPCA + 6,0563%;6,4765;5,8061;6,262;0,27;1272,29736943;99,49;664,69;15/05/2025;
02/09/2022;;RB CAPITAL COMPANHIA DE SECURITIZACAO;;;21K0001807;15/12/2036;IPCA + 6,1017%;6,5949;6,1883;6,4152;0,03;1042,40080632;97,34;2298,21;15/05/2035;
02/09/2022;FIBRIA CELULOSE S.A.;ECO SECURITIZADORA DE DIREITOS CREDITÓRIOS DO AGRONEGÓCIO S.A.;94ª;1ª;CRA01600029;15/12/2023;IPCA + 6,1346%;7,4486;6,9809;7,1659;0,84;1388,86837756;98,83;306,36;15/05/2023;
02/09/2022;JBS S.A;VIRGO COMPANHIA DE SECURITIZACAO;2ª;59ª;CRA0210039L;15/12/2036;IPCA + 6,1977%;6,4762;6,2713;6,3823;0,29;;98,43;2292,88;15/05/2035;
02/09/2022;Tenda Atacado S.A;VIRGO COMPANHIA DE SECURITIZACAO;306ª;4ª;21J0001208;15/10/2026;IPCA + 6,4803%;6,7795;;6,6404;0,18;;99,58;700,66;15/05/2025;
02/09/2022;Tenda Atacado S.A.;VIRGO COMPANHIA DE SECURITIZACAO;307ª;4ª;21J0001207;15/10/2028;IPCA + 6,9809%;6,5623;6,2303;6,3734;0,04;;102,02;886,35;15/08/2026;
02/09/2022;;APICE SECURITIZADORA S.A.;1ª;16ª;CRA021002N3;15/10/2026;IPCA + 6,9849%;7,0003;6,6856;6,7682;0,25;1096,54386211;100,72;895,89;15/08/2026;
